--INSERTS PARA EL AVANCE DEL AVANCE

--ESENCIAS PERF
INSERT INTO VAM_ESENCIAS_PERF(tsca_cas,nombre,tipo,descripcion) VALUES (8001388,'agua de coco','n','Líquido que se encuentra de forma natural en el hueco interior del coco');
INSERT INTO VAM_ESENCIAS_PERF(tsca_cas,nombre,tipo,descripcion) VALUES (81141,'almizcle','n','Sustancia grasa de olor muy fuerte olor, entre rojo y marrón que se obtiene de una bolsa que el almizclero tiene en el vientre');
INSERT INTO VAM_ESENCIAS_PERF(tsca_cas,nombre,tipo,descripcion) VALUES (8038651,'ámbar','s','secreción producida por el cachalote');
INSERT INTO VAM_ESENCIAS_PERF(tsca_cas,nombre,tipo,descripcion) VALUES (81147,'ambrox','s','Tiene un aroma seco que tiene la capacidad de semejar al cuero o al papel desgastado por el paso del tiempo');
INSERT INTO VAM_ESENCIAS_PERF(tsca_cas,nombre,tipo,descripcion) VALUES (8021270,'bambú','n','aroma profundamente femenino y energético, gracias a sus notas florales y frescas, que le dan una identidad única a quien lo use');
INSERT INTO VAM_ESENCIAS_PERF(tsca_cas,nombre,tipo,descripcion) VALUES (90105945,'bayas rojas','n','se caracterizan por su color que evoluciona del rosa al rojo oscuro e incluso al negro');
INSERT INTO VAM_ESENCIAS_PERF(tsca_cas,nombre,tipo,descripcion) VALUES (9000059,'benjuí','n','Ofrece una faceta muy vainillosa y dulce pero también diferentes facetas como el caramelo, la almendra asada, el café a la parrilla, la miel');
INSERT INTO VAM_ESENCIAS_PERF(tsca_cas,nombre,tipo,descripcion) VALUES (8007705,'bergamota','n','extrae de la cáscara del fruto maduro mediante el exprimido en frío');
INSERT INTO VAM_ESENCIAS_PERF(tsca_cas,nombre,tipo,descripcion) VALUES (61788907,'cacao','n','tiene aromas potentes y especiados que nunca dejan indiferente a nadie.');
INSERT INTO VAM_ESENCIAS_PERF(tsca_cas,nombre,tipo,descripcion) VALUES (8016232,'cachemir','n','compuesto sin el cual difícilmente nos podríamos imaginar la perfumería moderna');
INSERT INTO VAM_ESENCIAS_PERF(tsca_cas,nombre,tipo,descripcion) VALUES (8001670,'café','n','puede estar muy ligado a los climas frios, aunque tomar un helado o una bebida con café y chocolate');
INSERT INTO VAM_ESENCIAS_PERF(tsca_cas,nombre,tipo,descripcion) VALUES (8002027,'castaña confitada','n','arbol originario de Asia, en la actualidad es una de las plantas medicinales');
INSERT INTO VAM_ESENCIAS_PERF(tsca_cas,nombre,tipo,descripcion) VALUES (8002037,'cedro','n','un árbol cuya madera, también conocida como cedarwood, contiene una esencia aceitosa muy aromática');
INSERT INTO VAM_ESENCIAS_PERF(tsca_cas,nombre,tipo,descripcion) VALUES (544354,'cuero','s','combinan el aroma a cuero con las notas florales, almizcle o incienso');
INSERT INTO VAM_ESENCIAS_PERF(tsca_cas,nombre,tipo,descripcion) VALUES (8016033,'davana','n','fragancia muy afrutada La planta de davana evoca la fruta madura, con un olor dulce además');
INSERT INTO VAM_ESENCIAS_PERF(tsca_cas,nombre,tipo,descripcion) VALUES (515037,'esclarea','n','planta herbácea bienal o perenne de corta vida');
INSERT INTO VAM_ESENCIAS_PERF(tsca_cas,nombre,tipo,descripcion) VALUES (8016635,'esencia de salvia','n','esencia concreta y una absoluta por extracción con disolventes');
INSERT INTO VAM_ESENCIAS_PERF(tsca_cas,nombre,tipo,descripcion) VALUES (8006777,'especias','n','encontrar en un estante de especias en la cocina, como canela, jengibre, cardamomo, clavo de pimienta y nuez moscada');
INSERT INTO VAM_ESENCIAS_PERF(tsca_cas,nombre,tipo,descripcion) VALUES (8016784,'flor ortiga blanca','n','La ortiga blanca, de la familia Lamiaceae, es originaria de Europa. Es conocida por sus propiedades farmacológicas');
INSERT INTO VAM_ESENCIAS_PERF(tsca_cas,nombre,tipo,descripcion) VALUES (816384,'flor de tiaré','n','proviene de un pequeño arbusto tropical que crece en las islas del Pacífico');
INSERT INTO VAM_ESENCIAS_PERF(tsca_cas,nombre,tipo,descripcion) VALUES (350449,'fresia','n','flor muy brillante y colorida, deja una fragancia sutil que seduce sobre todo por su dulce aroma');
INSERT INTO VAM_ESENCIAS_PERF(tsca_cas,nombre,tipo,descripcion) VALUES (8000462,'geranio','n','recuerda el olor de las rosas');
INSERT INTO VAM_ESENCIAS_PERF(tsca_cas,nombre,tipo,descripcion) VALUES (8022159,'grosella negra','n','aroma de la grosella negra es complejo y se puede describir como un paseo por un bosque verde, repleto de frutas y flores');
INSERT INTO VAM_ESENCIAS_PERF(tsca_cas,nombre,tipo,descripcion) VALUES (8023925,'hierba loca','n','Aroma de plantas parecidas a las especias');
INSERT INTO VAM_ESENCIAS_PERF(tsca_cas,nombre,tipo,descripcion) VALUES (8024086,'hojas de violeta','s','se utiliza una composición de moléculas sintéticas, principalmente la molécula «ionona»');
INSERT INTO VAM_ESENCIAS_PERF(tsca_cas,nombre,tipo,descripcion) VALUES (8038658,'incienso','s','El incienso en su estado original es una combinación de resinas vegetales, a las que se añade aceite esencial para aromatizar, ya sea de origen vegetal');
INSERT INTO VAM_ESENCIAS_PERF(tsca_cas,nombre,tipo,descripcion) VALUES (8002731,'iris','n','Su fragancia misteriosa con un toque suavemente empolvado supuestamente abre el alma y es perfecta para la meditación.');
INSERT INTO VAM_ESENCIAS_PERF(tsca_cas,nombre,tipo,descripcion) VALUES (1034798236,'jazmin','n','es una planta originaria de las cordilleras del norte de Indi');
INSERT INTO VAM_ESENCIAS_PERF(tsca_cas,nombre,tipo,descripcion) VALUES (8022966,'jazmin marroquí','n','se reconoce en el corazón de múltiples perfumes y, junto a la rosa, es la flor más utilizada en perfumería.');
INSERT INTO VAM_ESENCIAS_PERF(tsca_cas,nombre,tipo,descripcion) VALUES (800280,'lavanda','n','suave y aporta calidez y armonía allá dónde se coloque, ayudando a conseguir un estado de relajación y calm');
INSERT INTO VAM_ESENCIAS_PERF(tsca_cas,nombre,tipo,descripcion) VALUES (8008568,'limón verde','n','fragancia de la familia olfativa Cítrica Aromática para Hombres y Mujeres');
INSERT INTO VAM_ESENCIAS_PERF(tsca_cas,nombre,tipo,descripcion) VALUES (8008262,'lirio de los valles','n','El lirio de los valles se utiliza frecuentemente en perfumería fina, pero también para perfumar productos para el hogar.');
INSERT INTO VAM_ESENCIAS_PERF(tsca_cas,nombre,tipo,descripcion) VALUES (94350091,'madera','n','produce la nota olfativa conocida ampliamente en perfumería como Oud y por otros nombres como Agarwood, Oudh o calambac');
INSERT INTO VAM_ESENCIAS_PERF(tsca_cas,nombre,tipo,descripcion) VALUES (8023856,'madera blanca','n','produce la nota olfativa conocida ampliamente en perfumería como Oud y por otros nombres como Agarwood, Oudh o calambac');
INSERT INTO VAM_ESENCIAS_PERF(tsca_cas,nombre,tipo,descripcion) VALUES (68991366,'madera de cachemira','n','produce la nota olfativa conocida ampliamente en perfumería como Oud y por otros nombres como Agarwood, Oudh o calambac');
INSERT INTO VAM_ESENCIAS_PERF(tsca_cas,nombre,tipo,descripcion) VALUES (8016851,'mandarina','n','forma parte de la familia olfativa de los cítricos.');
INSERT INTO VAM_ESENCIAS_PERF(tsca_cas,nombre,tipo,descripcion) VALUES (8031036,'mimosa','s','esa flor de olor empolvado, anisado y festivo, capaz de aportar delicadeza y naturalidad');
INSERT INTO VAM_ESENCIAS_PERF(tsca_cas,nombre,tipo,descripcion) VALUES (9000504,'musgo de roble','n','Su color oscuro restringe su uso');
INSERT INTO VAM_ESENCIAS_PERF(tsca_cas,nombre,tipo,descripcion) VALUES (68514750,'naranja','n','ofrece composiciones alegres, risueñas, luminosas y chispeantes al gusto');
INSERT INTO VAM_ESENCIAS_PERF(tsca_cas,nombre,tipo,descripcion) VALUES (8016384,'naranja amarga','n','ofrece composiciones alegres, risueñas, luminosas y chispeantes al gusto');
INSERT INTO VAM_ESENCIAS_PERF(tsca_cas,nombre,tipo,descripcion) VALUES (8024053,'nardos','n','tienen la limpieza del jazmín y las flores blancas pero con un toque oscuro.');
INSERT INTO VAM_ESENCIAS_PERF(tsca_cas,nombre,tipo,descripcion) VALUES (8024371,'nectarina','s','un olor muy agradable, afrutado, ácido, dulce y dulce');
INSERT INTO VAM_ESENCIAS_PERF(tsca_cas,nombre,tipo,descripcion) VALUES (8016204,'notas afrutadas','n','Mezcla de olores frutales frescos');
INSERT INTO VAM_ESENCIAS_PERF(tsca_cas,nombre,tipo,descripcion) VALUES (8008933,'notas amaderadas','s','Mezcla de olores amaderados combinados con un poco de hierbas y hojas');
INSERT INTO VAM_ESENCIAS_PERF(tsca_cas,nombre,tipo,descripcion) VALUES (8008455,'nuez moscada','n','entre lo mítico y lo místico La nuez moscada, una especia noble, tiene una fragancia nublada');
INSERT INTO VAM_ESENCIAS_PERF(tsca_cas,nombre,tipo,descripcion) VALUES (1450625496,'pachulí','n','Es la planta conocida comúnmente como patchouli, pachulí o pachuli.');
INSERT INTO VAM_ESENCIAS_PERF(tsca_cas,nombre,tipo,descripcion) VALUES (223747884,'peonía','n','la flor de las nuevas fragancias femeninas');
INSERT INTO VAM_ESENCIAS_PERF(tsca_cas,nombre,tipo,descripcion) VALUES (8006824,'pimienta','n','a pimienta aporta un toque de picante, también aporta un toque de ligereza');
INSERT INTO VAM_ESENCIAS_PERF(tsca_cas,nombre,tipo,descripcion) VALUES (8006839,'pimienta blanca','n','a pimienta aporta un toque de picante, también aporta un toque de ligereza');
INSERT INTO VAM_ESENCIAS_PERF(tsca_cas,nombre,tipo,descripcion) VALUES (8006904,'pimienta rosa','n','a pimienta aporta un toque de picante, también aporta un toque de ligereza');
INSERT INTO VAM_ESENCIAS_PERF(tsca_cas,nombre,tipo,descripcion) VALUES (85085343,'resina de abeto','s','El abeto bálsamo o bálsamo de Abies, como se le conoce, es una especie de abeto de la familia de las pináceas');
INSERT INTO VAM_ESENCIAS_PERF(tsca_cas,nombre,tipo,descripcion) VALUES (8007010,'rosa','n','huele a rosas que combina la tradición francesa, con la espontaneidad estadounidense');
INSERT INTO VAM_ESENCIAS_PERF(tsca_cas,nombre,tipo,descripcion) VALUES (8007017,'rosa centifolia','n','huele a rosas que combina la tradición francesa, con la espontaneidad estadounidense');
INSERT INTO VAM_ESENCIAS_PERF(tsca_cas,nombre,tipo,descripcion) VALUES (461011,'rosa otto bulgarian','n','huele a rosas que combina la tradición francesa, con la espontaneidad estadounidense');
INSERT INTO VAM_ESENCIAS_PERF(tsca_cas,nombre,tipo,descripcion) VALUES (8000257,'rosa salvaje','n','huele a rosas que combina la tradición francesa, con la espontaneidad estadounidense');
INSERT INTO VAM_ESENCIAS_PERF(tsca_cas,nombre,tipo,descripcion) VALUES (90106380,'rose absolute','n','huele a rosas que combina la tradición francesa, con la espontaneidad estadounidense');
INSERT INTO VAM_ESENCIAS_PERF(tsca_cas,nombre,tipo,descripcion) VALUES (53596040,'ruibarbo','n','es un tipo de planta con hojas grandes y tallos comestibles, largos, carnosos, con un color rojo intenso y flores pequeñas');
INSERT INTO VAM_ESENCIAS_PERF(tsca_cas,nombre,tipo,descripcion) VALUES (1070895667,'sándalo','n','planta especialmente aromática, pero además su olor es misterioso y exótico');
INSERT INTO VAM_ESENCIAS_PERF(tsca_cas,nombre,tipo,descripcion) VALUES (8015621,'semillas ambrette','n','semilla de almizcle ambarina, polvorienta, almizclada y ligeramente animal');
INSERT INTO VAM_ESENCIAS_PERF(tsca_cas,nombre,tipo,descripcion) VALUES (68917099,'té','s','Todo un homenaje al té verde japonés, que seduce tanto a mujeres como a hombres, gracias a su espíritu vibrante y lleno de frescor.');
INSERT INTO VAM_ESENCIAS_PERF(tsca_cas,nombre,tipo,descripcion) VALUES (1406571,'té negro','s','Todo un homenaje al té negro japonés, que seduce tanto a mujeres como a hombres, gracias a su espíritu vibrante y lleno de frescor.');
INSERT INTO VAM_ESENCIAS_PERF(tsca_cas,nombre,tipo,descripcion) VALUES (8052355,'tinta','s','Tan cara de hecho que incluso en ciertos modelos de impresoras más económicas el precio');
INSERT INTO VAM_ESENCIAS_PERF(tsca_cas,nombre,tipo,descripcion) VALUES (394376,'vainilla','n','Un aroma dulce, agradable y gourmand. La vainilla Bourbon tiene un aroma suavemente ahumado y amaderado');
INSERT INTO VAM_ESENCIAS_PERF(tsca_cas,nombre,tipo,descripcion) VALUES (12220505,'musk','n','aroma delicado y suave, empolvado y tierno como la piel de un bebé');

--PERFUMES
INSERT INTO VAM_PERFUMES(nombre,genero,rango_edad,descrip_componentes,tipo_estructura,descrip_perf) VALUES ('Léonard Homme','m','ate','alcohol, agua, esencias aromáticas, tonos amaderados','f','Leonard Homme es una fragancia de la familia olfativa Amaderada Aromática para Hombres. Leonard Homme se lanzó en 2008. La Nariz detrás de esta fragrancia es Firmenich');
INSERT INTO VAM_PERFUMES(nombre,genero,rango_edad,descrip_componentes,tipo_estructura,descrip_perf) VALUES ('Love Fury Nine West','f','adu','alcohol, agua, esencias florales y frutales, dulces','f','Love Fury de Nine West es una fragancia de la familia olfativa Floral Frutal para Mujeres. Love Fury se lanzó en 2012. La Nariz detrás de esta fragrancia es Firmenich');
INSERT INTO VAM_PERFUMES(nombre,genero,rango_edad,descrip_componentes,tipo_estructura,descrip_perf) VALUES ('Fabulous Isaac Mizrahi','f','adu','alcohol, agua, flores y frutas frescas','f','Fabulous de Isaac Mizrahi es una fragancia de la familia olfativa Floral Frutal para Mujeres. Fabulous se lanzó en 2012. La Nariz detrás de esta fragrancia es Firmenich');
INSERT INTO VAM_PERFUMES(nombre,genero,rango_edad,descrip_componentes,tipo_estructura,descrip_perf) VALUES ('I Love New York for All Bond No 9','u','ate','alcohol, agua, esencias orientales','f','I Love New York for All de Bond No 9 es una fragancia de la familia olfativa Oriental Vainilla para Hombres y Mujeres. I Love New York for All se lanzó en 2011. La Nariz detrás de esta fragrancia es IFF');
INSERT INTO VAM_PERFUMES(nombre,genero,rango_edad,descrip_componentes,tipo_estructura,descrip_perf) VALUES ('Odeur 71 Comme des Garçons','u','ate','Alcohol, agua y esencias naturales','m','Odeur 71 de Comme des Garcons es una fragancia de la familia olfativa Chipre Floral para Hombres y Mujeres. Odeur 71 se lanzó en 2000. La Nariz detrás de esta fragancia es IFF');
INSERT INTO VAM_PERFUMES(nombre,genero,rango_edad,descrip_componentes,tipo_estructura,descrip_perf) VALUES ('Blu Love Affair Byblos','f','ate','alcohol, agua, tonos amaderados','f','Blu Love Affair de Byblos es una fragancia de la familia olfativa Oriental Especiada para Mujeres. Blu Love Affair se lanzó en 2006. La Nariz detrás de esta fragancia es IFF');
INSERT INTO VAM_PERFUMES(nombre,genero,rango_edad,descrip_componentes,tipo_estructura,descrip_perf) VALUES ('Herbae par L''Occitane','f','ate','alcohol agua, Anthoxanthumm metoxicinamato de etilhexilo, ethylexil salicilato, butilo, methoxidibenzoylmethalo, cielanhalo','f','Herbae de L''OCCITANE fue diseñado para traducir esta forma de imperfección que nos hace únicos. Es por eso que Herbae de L''OCCITANE eligió hierbas silvestres para encarnar su fragancia');
INSERT INTO VAM_PERFUMES(nombre,genero,rango_edad,descrip_componentes,tipo_estructura,descrip_perf) VALUES ('Collection de Parfums 86 Champs – Cassis Rhubarbe','f','ate','alcohol, agua, limonene, linalol, aceite de cáscara de mandarina, Helichrysum italicum, aceite de flor de Lavandula angustifolia','f','Una fragancia viva, afrutada y picante que combina Cassis de Bourgogne y Ruibarbo. También disponible en nuestra tienda 86Champs');
INSERT INTO VAM_PERFUMES(nombre,genero,rango_edad,descrip_componentes,tipo_estructura,descrip_perf) VALUES ('Thé Vert','u','ate','alcohol, agua, hexilo cinamal, extracto de hoja de camelia sinensis, cítrico aurantium dulcis, (naranja), limoneno, linalol, citral, alcohol benclilico, geraniol, citronol','f','Un dulce aroma a cítricos, té y jazmín para alejarnos del ajetreo de la vida cotidiana.');
INSERT INTO VAM_PERFUMES(nombre,genero,rango_edad,descrip_componentes,tipo_estructura,descrip_perf) VALUES ('Rose de Grasse','f','ate','alcohol, agua, tonos florales primaverales','m','La rosa es un símbolo intemporal de belleza y feminidad. Como una obra de arte original, Rose de Grasse está meticulosamente elaborada con una atención artesanal a los detalles. En el fondo hay una fusión de rosas, incluida la rosa Centifolia de cien pétalos, cuidadosamente seleccionada en Grasse, la capital francesa de la perfumería desde el siglo XVI, donde la historia de las fragancias es arte');
INSERT INTO VAM_PERFUMES(nombre,genero,rango_edad,descrip_componentes,tipo_estructura,descrip_perf) VALUES ('Amber Musk','f','ate','alcohol, agua, esencias orientales y tonos amaderados','m','Amber Musk combina flores sensuales, ámbar distintivo y almizcle cremoso. Ambrox causa una primera impresión aterciopelada, en contraste con una suculenta explosión de agua de coco y la feminidad de Rose Centifolia Absolute. Al igual que el resplandor de las llamas ámbar, el persistente Benzoin & Musk infunde calidez en la fragancia');
INSERT INTO VAM_PERFUMES(nombre,genero,rango_edad,descrip_componentes,tipo_estructura,descrip_perf) VALUES ('Cashmere Mist Donna Karan','f','adu','alcohol, agua, tonos florares frescos','m','Una suntuosa caricia de lujo. El eau de parfum Donna Karan Cashmere Mist es una fragancia floral pura e intoxicante inspirada en la sensación de la cachemira sobre la piel de una mujer. Combinando las esencias de jazmín marroquí, lirio de los valles y la frescura de la bergamota, contra un cálido fondo de sándalo, ámbar y almizcle, es un aroma sensualmente suave que seduce los sentidos');

--FLIA OLFAT
INSERT INTO VAM_FLIA_OLFAT(nombre) VALUES ('Verde');
INSERT INTO VAM_FLIA_OLFAT(nombre) VALUES ('Cítrico');
INSERT INTO VAM_FLIA_OLFAT(nombre) VALUES ('Flores');
INSERT INTO VAM_FLIA_OLFAT(nombre) VALUES ('Frutas');
INSERT INTO VAM_FLIA_OLFAT(nombre) VALUES ('Aromáticos');
INSERT INTO VAM_FLIA_OLFAT(nombre) VALUES ('Helechos (Fougère)');
INSERT INTO VAM_FLIA_OLFAT(nombre) VALUES ('Chipre');
INSERT INTO VAM_FLIA_OLFAT(nombre) VALUES ('Maderas');
INSERT INTO VAM_FLIA_OLFAT(nombre) VALUES ('Orientales');
INSERT INTO VAM_FLIA_OLFAT(nombre) VALUES ('Otros');

--VAR_CRITERIOS
INSERT INTO VAM_VAR_CRITERIOS(nombre_crit,descripcion) VALUES ('Ubicación','Ubicación geográfica del proveedor');
INSERT INTO VAM_VAR_CRITERIOS(nombre_crit,descripcion) VALUES ('Formas de envíos','Costos y alternativas de envíos de los pedidos según ubicación geográfica de los clientes');
INSERT INTO VAM_VAR_CRITERIOS(nombre_crit,descripcion) VALUES ('Formas de pago','Alternativas y condiciones de pago que ofrece el proveedor');
INSERT INTO VAM_VAR_CRITERIOS(nombre_crit,descripcion) VALUES ('Pedidos Aprobados','Cumplimiento de los pedidos en el tiempo solicitado por la compañía');
INSERT INTO VAM_VAR_CRITERIOS(nombre_crit,descripcion) VALUES ('Exito','Puntaje objetivo de éxito');

-- OTROS_ING_COMP
INSERT INTO VAM_OTROS_ING_COMP(nombre) VALUES ('acetato de cinamilo');
INSERT INTO VAM_OTROS_ING_COMP(nombre) VALUES ('acetato de linalilo');
INSERT INTO VAM_OTROS_ING_COMP(nombre) VALUES ('alcohol feniletílico');
INSERT INTO VAM_OTROS_ING_COMP(nombre) VALUES ('aldehído cinámico');
INSERT INTO VAM_OTROS_ING_COMP(nombre) VALUES ('alfa-terpineol');
INSERT INTO VAM_OTROS_ING_COMP(nombre) VALUES ('benzaldehído');
INSERT INTO VAM_OTROS_ING_COMP(nombre) VALUES ('bergamoteno');
INSERT INTO VAM_OTROS_ING_COMP(nombre) VALUES ('beta-cariofileno');
INSERT INTO VAM_OTROS_ING_COMP(nombre) VALUES ('chavicol');
INSERT INTO VAM_OTROS_ING_COMP(nombre) VALUES ('cimas florecientes');
INSERT INTO VAM_OTROS_ING_COMP(nombre) VALUES ('cineol 1.3');
INSERT INTO VAM_OTROS_ING_COMP(nombre) VALUES ('citronelol');
INSERT INTO VAM_OTROS_ING_COMP(nombre) VALUES ('corteza');
INSERT INTO VAM_OTROS_ING_COMP(nombre) VALUES ('estearoptenos');
INSERT INTO VAM_OTROS_ING_COMP(nombre) VALUES ('geraniol');
INSERT INTO VAM_OTROS_ING_COMP(nombre) VALUES ('hojas');
INSERT INTO VAM_OTROS_ING_COMP(nombre) VALUES ('linalool');
INSERT INTO VAM_OTROS_ING_COMP(nombre) VALUES ('metil chavicol');
INSERT INTO VAM_OTROS_ING_COMP(nombre) VALUES ('raices');
INSERT INTO VAM_OTROS_ING_COMP(nombre) VALUES ('tapas de floración');

--PALABRA CLAVE
INSERT INTO VAM_PALABRA_CLAVE(palabra,tipo_palabra) VALUES ('Madera','n');
INSERT INTO VAM_PALABRA_CLAVE(palabra,tipo_palabra) VALUES ('Aromática','n');
INSERT INTO VAM_PALABRA_CLAVE(palabra,tipo_palabra) VALUES ('Floral','n');
INSERT INTO VAM_PALABRA_CLAVE(palabra,tipo_palabra) VALUES ('Almizcle','n');
INSERT INTO VAM_PALABRA_CLAVE(palabra,tipo_palabra) VALUES ('Ambar','n');
INSERT INTO VAM_PALABRA_CLAVE(palabra,tipo_palabra) VALUES ('Vainilla','n');
INSERT INTO VAM_PALABRA_CLAVE(palabra,tipo_palabra) VALUES ('Frutas Maduras','n');
INSERT INTO VAM_PALABRA_CLAVE(palabra,tipo_palabra) VALUES ('Musgo','n');
INSERT INTO VAM_PALABRA_CLAVE(palabra,tipo_palabra) VALUES ('Musks ámbar','n');
INSERT INTO VAM_PALABRA_CLAVE(palabra,tipo_palabra) VALUES ('Hierbas aromáticas','n');
INSERT INTO VAM_PALABRA_CLAVE(palabra,tipo_palabra) VALUES ('Pachulí','n');
INSERT INTO VAM_PALABRA_CLAVE(palabra,tipo_palabra) VALUES ('Bálsamo','n');
INSERT INTO VAM_PALABRA_CLAVE(palabra,tipo_palabra) VALUES ('Lavanda','n');
INSERT INTO VAM_PALABRA_CLAVE(palabra,tipo_palabra) VALUES ('Musgo de Roble','n');
INSERT INTO VAM_PALABRA_CLAVE(palabra,tipo_palabra) VALUES ('Bergamota','n');
INSERT INTO VAM_PALABRA_CLAVE(palabra,tipo_palabra) VALUES ('Láudano','n');
INSERT INTO VAM_PALABRA_CLAVE(palabra,tipo_palabra) VALUES ('Sándalo','n');
INSERT INTO VAM_PALABRA_CLAVE(palabra,tipo_palabra) VALUES ('Cedro','n');
INSERT INTO VAM_PALABRA_CLAVE(palabra,tipo_palabra) VALUES ('Vetiver','n');
INSERT INTO VAM_PALABRA_CLAVE(palabra,tipo_palabra) VALUES ('Especias','n');
INSERT INTO VAM_PALABRA_CLAVE(palabra,tipo_palabra) VALUES ('Flores exóticas','n');
INSERT INTO VAM_PALABRA_CLAVE(palabra,tipo_palabra) VALUES ('Hierba recién cortada','p');
INSERT INTO VAM_PALABRA_CLAVE(palabra,tipo_palabra) VALUES ('Tallos de plantas cubiertas de rocío','p');
INSERT INTO VAM_PALABRA_CLAVE(palabra,tipo_palabra) VALUES ('Hojas crujientes','p');
INSERT INTO VAM_PALABRA_CLAVE(palabra,tipo_palabra) VALUES ('Agujas de los pinos en el aire del bosque','p');
INSERT INTO VAM_PALABRA_CLAVE(palabra,tipo_palabra) VALUES ('Verano','p');
INSERT INTO VAM_PALABRA_CLAVE(palabra,tipo_palabra) VALUES ('Juventud','p');
INSERT INTO VAM_PALABRA_CLAVE(palabra,tipo_palabra) VALUES ('Frutas','p');
INSERT INTO VAM_PALABRA_CLAVE(palabra,tipo_palabra) VALUES ('Especias','p');
INSERT INTO VAM_PALABRA_CLAVE(palabra,tipo_palabra) VALUES ('Alegría','p');
INSERT INTO VAM_PALABRA_CLAVE(palabra,tipo_palabra) VALUES ('Ganas de vivir','p');
INSERT INTO VAM_PALABRA_CLAVE(palabra,tipo_palabra) VALUES ('Calidez','p');
INSERT INTO VAM_PALABRA_CLAVE(palabra,tipo_palabra) VALUES ('Lucidez','p');
INSERT INTO VAM_PALABRA_CLAVE(palabra,tipo_palabra) VALUES ('Vigor','p');
INSERT INTO VAM_PALABRA_CLAVE(palabra,tipo_palabra) VALUES ('Familiaridad','p');
INSERT INTO VAM_PALABRA_CLAVE(palabra,tipo_palabra) VALUES ('Madera','p');
INSERT INTO VAM_PALABRA_CLAVE(palabra,tipo_palabra) VALUES ('Vainilla','p');
INSERT INTO VAM_PALABRA_CLAVE(palabra,tipo_palabra) VALUES ('Haba tonka','p');
INSERT INTO VAM_PALABRA_CLAVE(palabra,tipo_palabra) VALUES ('Fresca','c');
INSERT INTO VAM_PALABRA_CLAVE(palabra,tipo_palabra) VALUES ('Optimista','c');
INSERT INTO VAM_PALABRA_CLAVE(palabra,tipo_palabra) VALUES ('Desinhibida','c');
INSERT INTO VAM_PALABRA_CLAVE(palabra,tipo_palabra) VALUES ('Efímero','c');
INSERT INTO VAM_PALABRA_CLAVE(palabra,tipo_palabra) VALUES ('Estimulante','c');
INSERT INTO VAM_PALABRA_CLAVE(palabra,tipo_palabra) VALUES ('Floral','c');
INSERT INTO VAM_PALABRA_CLAVE(palabra,tipo_palabra) VALUES ('Natural','c');
INSERT INTO VAM_PALABRA_CLAVE(palabra,tipo_palabra) VALUES ('Luminosa','c');
INSERT INTO VAM_PALABRA_CLAVE(palabra,tipo_palabra) VALUES ('Vital','c');
INSERT INTO VAM_PALABRA_CLAVE(palabra,tipo_palabra) VALUES ('Asertivo','c');
INSERT INTO VAM_PALABRA_CLAVE(palabra,tipo_palabra) VALUES ('Tenaz','c');
INSERT INTO VAM_PALABRA_CLAVE(palabra,tipo_palabra) VALUES ('Energía','c');
INSERT INTO VAM_PALABRA_CLAVE(palabra,tipo_palabra) VALUES ('Confianza','c');
INSERT INTO VAM_PALABRA_CLAVE(palabra,tipo_palabra) VALUES ('Cálidos','c');
INSERT INTO VAM_PALABRA_CLAVE(palabra,tipo_palabra) VALUES ('Secos','c');
INSERT INTO VAM_PALABRA_CLAVE(palabra,tipo_palabra) VALUES ('Profundos','c');
INSERT INTO VAM_PALABRA_CLAVE(palabra,tipo_palabra) VALUES ('Sensual','c');
INSERT INTO VAM_PALABRA_CLAVE(palabra,tipo_palabra) VALUES ('Dulces','c');
INSERT INTO VAM_PALABRA_CLAVE(palabra,tipo_palabra) VALUES ('Especiados','c');
INSERT INTO VAM_PALABRA_CLAVE(palabra,tipo_palabra) VALUES ('Seductor','c');
INSERT INTO VAM_PALABRA_CLAVE(palabra,tipo_palabra) VALUES ('Voluptuoso','c');

--ASOC NACIONAL
INSERT INTO VAM_ASOC_NACIONALES(nombre,region,descripcion) VALUES ('FFAANZ','ap','Flavour & Fragrance Association of Australia & New Zealand');
INSERT INTO VAM_ASOC_NACIONALES(nombre,region,descripcion) VALUES ('CAFFCI','ap','China Association of Flavor, Fragrance & Cosmetic Industries');
INSERT INTO VAM_ASOC_NACIONALES(nombre,region,descripcion) VALUES ('AFFI','ap','Asosiasi Flavor dan Fragran Indonesia');
INSERT INTO VAM_ASOC_NACIONALES(nombre,region,descripcion) VALUES ('JFFMA','ap','Japan Flavor & Fragrance Materials Association');
INSERT INTO VAM_ASOC_NACIONALES(nombre,region,descripcion) VALUES ('KFFA','ap','Korea Flavor & Fragrance Association');
INSERT INTO VAM_ASOC_NACIONALES(nombre,region,descripcion) VALUES ('FFAS','ap','Flavor & Fragrance Association Singapore');
INSERT INTO VAM_ASOC_NACIONALES(nombre,region,descripcion) VALUES ('Prodarom','eu',NULL);
INSERT INTO VAM_ASOC_NACIONALES(nombre,region,descripcion) VALUES ('DVRH','eu','Deustcher Verband der Riechstoff-Hersteller E.V.');
INSERT INTO VAM_ASOC_NACIONALES(nombre,region,descripcion) VALUES ('AISPEC','eu','Federchimica Assospecifici');
INSERT INTO VAM_ASOC_NACIONALES(nombre,region,descripcion) VALUES ('NEA','eu',NULL);
INSERT INTO VAM_ASOC_NACIONALES(nombre,region,descripcion) VALUES ('SAAFFI','eu','South African Association of the Flavour & Fragrance Industry');
INSERT INTO VAM_ASOC_NACIONALES(nombre,region,descripcion) VALUES ('AEFAA','eu','Asociación Española de Fragancias y Aromas Alimentarios');
INSERT INTO VAM_ASOC_NACIONALES(nombre,region,descripcion) VALUES ('SFFIA','eu','Swiss Flavour and Fragrance Industry Association');
INSERT INTO VAM_ASOC_NACIONALES(nombre,region,descripcion) VALUES ('AREP','eu',NULL);
INSERT INTO VAM_ASOC_NACIONALES(nombre,region,descripcion) VALUES ('IFRA UK','eu',NULL);
INSERT INTO VAM_ASOC_NACIONALES(nombre,region,descripcion) VALUES ('CAFEPA','la','Cámara Argentina de Fabricantes de Productos Aromaticos');
INSERT INTO VAM_ASOC_NACIONALES(nombre,region,descripcion) VALUES ('ABIFRA','la','Associaçao Brasileira das Industrias de Oleos Essenciais, Fragrancias, Aromas');
INSERT INTO VAM_ASOC_NACIONALES(nombre,region,descripcion) VALUES ('ACHISAF','la','Asociación Chilena de Sabores y Fragancias Asociación');
INSERT INTO VAM_ASOC_NACIONALES(nombre,region,descripcion) VALUES ('CISF','la','Cámara de la Industria de Sabores y Fragrancias');
INSERT INTO VAM_ASOC_NACIONALES(nombre,region,descripcion) VALUES ('ANFPA','la','Asociación Nacional de Fabricantes de Productos Aromáticos');
INSERT INTO VAM_ASOC_NACIONALES(nombre,region,descripcion) VALUES ('FCA','na','Fragrance Creators Association');

--MONOLITICO
INSERT INTO VAM_MONOLITICO(id_esencia_perf,id_perf) VALUES (8021270,5);
INSERT INTO VAM_MONOLITICO(id_esencia_perf,id_perf) VALUES (8038658,5);
INSERT INTO VAM_MONOLITICO(id_esencia_perf,id_perf) VALUES (9000504,5);
INSERT INTO VAM_MONOLITICO(id_esencia_perf,id_perf) VALUES (8008933,5);
INSERT INTO VAM_MONOLITICO(id_esencia_perf,id_perf) VALUES (8006839,5);
INSERT INTO VAM_MONOLITICO(id_esencia_perf,id_perf) VALUES (85085343,5);
INSERT INTO VAM_MONOLITICO(id_esencia_perf,id_perf) VALUES (8052355,5);
INSERT INTO VAM_MONOLITICO(id_esencia_perf,id_perf) VALUES (81147,10);
INSERT INTO VAM_MONOLITICO(id_esencia_perf,id_perf) VALUES (8007010,10);
INSERT INTO VAM_MONOLITICO(id_esencia_perf,id_perf) VALUES (461011,10);
INSERT INTO VAM_MONOLITICO(id_esencia_perf,id_perf) VALUES (8015621,10);
INSERT INTO VAM_MONOLITICO(id_esencia_perf,id_perf) VALUES (12220505,10);
INSERT INTO VAM_MONOLITICO(id_esencia_perf,id_perf) VALUES (8001388,11);
INSERT INTO VAM_MONOLITICO(id_esencia_perf,id_perf) VALUES (81141,11);
INSERT INTO VAM_MONOLITICO(id_esencia_perf,id_perf) VALUES (81147,11);
INSERT INTO VAM_MONOLITICO(id_esencia_perf,id_perf) VALUES (9000059,11);
INSERT INTO VAM_MONOLITICO(id_esencia_perf,id_perf) VALUES (8008262,11);
INSERT INTO VAM_MONOLITICO(id_esencia_perf,id_perf) VALUES (8007017,11);
INSERT INTO VAM_MONOLITICO(id_esencia_perf,id_perf) VALUES (1070895667,11);
INSERT INTO VAM_MONOLITICO(id_esencia_perf,id_perf) VALUES (8022966,12);
INSERT INTO VAM_MONOLITICO(id_esencia_perf,id_perf) VALUES (8008262,12);
INSERT INTO VAM_MONOLITICO(id_esencia_perf,id_perf) VALUES (1070895667,12);

--NOTAS PERFUME
INSERT INTO VAM_NOTAS_PERFUMES(id_perf,id_esencia_perf,tipo_nota) VALUES (1,8007705,'s');
INSERT INTO VAM_NOTAS_PERFUMES(id_perf,id_esencia_perf,tipo_nota) VALUES (1,8008455,'s');
INSERT INTO VAM_NOTAS_PERFUMES(id_perf,id_esencia_perf,tipo_nota) VALUES (1,8006824,'s');
INSERT INTO VAM_NOTAS_PERFUMES(id_perf,id_esencia_perf,tipo_nota) VALUES (1,8024086,'c');
INSERT INTO VAM_NOTAS_PERFUMES(id_perf,id_esencia_perf,tipo_nota) VALUES (1,515037,'c');
INSERT INTO VAM_NOTAS_PERFUMES(id_perf,id_esencia_perf,tipo_nota) VALUES (1,8002037,'c');
INSERT INTO VAM_NOTAS_PERFUMES(id_perf,id_esencia_perf,tipo_nota) VALUES (1,8038658,'f');
INSERT INTO VAM_NOTAS_PERFUMES(id_perf,id_esencia_perf,tipo_nota) VALUES (1,68991366,'f');
INSERT INTO VAM_NOTAS_PERFUMES(id_perf,id_esencia_perf,tipo_nota) VALUES (1,9000059,'f');
INSERT INTO VAM_NOTAS_PERFUMES(id_perf,id_esencia_perf,tipo_nota) VALUES (2,8016851,'s');
INSERT INTO VAM_NOTAS_PERFUMES(id_perf,id_esencia_perf,tipo_nota) VALUES (2,8007010,'s');
INSERT INTO VAM_NOTAS_PERFUMES(id_perf,id_esencia_perf,tipo_nota) VALUES (2,8031036,'s');
INSERT INTO VAM_NOTAS_PERFUMES(id_perf,id_esencia_perf,tipo_nota) VALUES (2,90105945,'s');
INSERT INTO VAM_NOTAS_PERFUMES(id_perf,id_esencia_perf,tipo_nota) VALUES (2,1034798236,'c');
INSERT INTO VAM_NOTAS_PERFUMES(id_perf,id_esencia_perf,tipo_nota) VALUES (2,1070895667,'c');
INSERT INTO VAM_NOTAS_PERFUMES(id_perf,id_esencia_perf,tipo_nota) VALUES (2,816384,'c');
INSERT INTO VAM_NOTAS_PERFUMES(id_perf,id_esencia_perf,tipo_nota) VALUES (2,8002731,'f');
INSERT INTO VAM_NOTAS_PERFUMES(id_perf,id_esencia_perf,tipo_nota) VALUES (2,8008933,'f');
INSERT INTO VAM_NOTAS_PERFUMES(id_perf,id_esencia_perf,tipo_nota) VALUES (2,8038651,'f');
INSERT INTO VAM_NOTAS_PERFUMES(id_perf,id_esencia_perf,tipo_nota) VALUES (2,81141,'f');
INSERT INTO VAM_NOTAS_PERFUMES(id_perf,id_esencia_perf,tipo_nota) VALUES (3,8007705,'s');
INSERT INTO VAM_NOTAS_PERFUMES(id_perf,id_esencia_perf,tipo_nota) VALUES (3,8024371,'s');
INSERT INTO VAM_NOTAS_PERFUMES(id_perf,id_esencia_perf,tipo_nota) VALUES (3,8016851,'s');
INSERT INTO VAM_NOTAS_PERFUMES(id_perf,id_esencia_perf,tipo_nota) VALUES (3,8024053,'c');
INSERT INTO VAM_NOTAS_PERFUMES(id_perf,id_esencia_perf,tipo_nota) VALUES (3,223747884,'c');
INSERT INTO VAM_NOTAS_PERFUMES(id_perf,id_esencia_perf,tipo_nota) VALUES (3,1034798236,'c');
INSERT INTO VAM_NOTAS_PERFUMES(id_perf,id_esencia_perf,tipo_nota) VALUES (3,350449,'c');
INSERT INTO VAM_NOTAS_PERFUMES(id_perf,id_esencia_perf,tipo_nota) VALUES (3,1070895667,'f');
INSERT INTO VAM_NOTAS_PERFUMES(id_perf,id_esencia_perf,tipo_nota) VALUES (3,8002037,'f');
INSERT INTO VAM_NOTAS_PERFUMES(id_perf,id_esencia_perf,tipo_nota) VALUES (3,394376,'f');
INSERT INTO VAM_NOTAS_PERFUMES(id_perf,id_esencia_perf,tipo_nota) VALUES (4,8007705,'s');
INSERT INTO VAM_NOTAS_PERFUMES(id_perf,id_esencia_perf,tipo_nota) VALUES (4,8008262,'s');
INSERT INTO VAM_NOTAS_PERFUMES(id_perf,id_esencia_perf,tipo_nota) VALUES (4,8006824,'s');
INSERT INTO VAM_NOTAS_PERFUMES(id_perf,id_esencia_perf,tipo_nota) VALUES (4,61788907,'c');
INSERT INTO VAM_NOTAS_PERFUMES(id_perf,id_esencia_perf,tipo_nota) VALUES (4,8002027,'c');
INSERT INTO VAM_NOTAS_PERFUMES(id_perf,id_esencia_perf,tipo_nota) VALUES (4,8001670,'c');
INSERT INTO VAM_NOTAS_PERFUMES(id_perf,id_esencia_perf,tipo_nota) VALUES (4,1070895667,'f');
INSERT INTO VAM_NOTAS_PERFUMES(id_perf,id_esencia_perf,tipo_nota) VALUES (4,1450625496,'f');
INSERT INTO VAM_NOTAS_PERFUMES(id_perf,id_esencia_perf,tipo_nota) VALUES (4,8008933,'f');
INSERT INTO VAM_NOTAS_PERFUMES(id_perf,id_esencia_perf,tipo_nota) VALUES (4,394376,'f');
INSERT INTO VAM_NOTAS_PERFUMES(id_perf,id_esencia_perf,tipo_nota) VALUES (4,544354,'f');
INSERT INTO VAM_NOTAS_PERFUMES(id_perf,id_esencia_perf,tipo_nota) VALUES (6,8006904,'s');
INSERT INTO VAM_NOTAS_PERFUMES(id_perf,id_esencia_perf,tipo_nota) VALUES (6,8006777,'s');
INSERT INTO VAM_NOTAS_PERFUMES(id_perf,id_esencia_perf,tipo_nota) VALUES (6,8016204,'s');
INSERT INTO VAM_NOTAS_PERFUMES(id_perf,id_esencia_perf,tipo_nota) VALUES (6,800280,'c');
INSERT INTO VAM_NOTAS_PERFUMES(id_perf,id_esencia_perf,tipo_nota) VALUES (6,8038658,'c');
INSERT INTO VAM_NOTAS_PERFUMES(id_perf,id_esencia_perf,tipo_nota) VALUES (6,394376,'c');
INSERT INTO VAM_NOTAS_PERFUMES(id_perf,id_esencia_perf,tipo_nota) VALUES (6,1070895667,'f');
INSERT INTO VAM_NOTAS_PERFUMES(id_perf,id_esencia_perf,tipo_nota) VALUES (6,1450625496,'f');
INSERT INTO VAM_NOTAS_PERFUMES(id_perf,id_esencia_perf,tipo_nota) VALUES (6,8038651,'f');
INSERT INTO VAM_NOTAS_PERFUMES(id_perf,id_esencia_perf,tipo_nota) VALUES (7,8015621,'s');
INSERT INTO VAM_NOTAS_PERFUMES(id_perf,id_esencia_perf,tipo_nota) VALUES (7,8007705,'s');
INSERT INTO VAM_NOTAS_PERFUMES(id_perf,id_esencia_perf,tipo_nota) VALUES (7,8006904,'s');
INSERT INTO VAM_NOTAS_PERFUMES(id_perf,id_esencia_perf,tipo_nota) VALUES (7,8016784,'c');
INSERT INTO VAM_NOTAS_PERFUMES(id_perf,id_esencia_perf,tipo_nota) VALUES (7,8000257,'c');
INSERT INTO VAM_NOTAS_PERFUMES(id_perf,id_esencia_perf,tipo_nota) VALUES (7,8016635,'c');
INSERT INTO VAM_NOTAS_PERFUMES(id_perf,id_esencia_perf,tipo_nota) VALUES (7,8023925,'f');
INSERT INTO VAM_NOTAS_PERFUMES(id_perf,id_esencia_perf,tipo_nota) VALUES (7,81141,'f');
INSERT INTO VAM_NOTAS_PERFUMES(id_perf,id_esencia_perf,tipo_nota) VALUES (7,8016232,'f');
INSERT INTO VAM_NOTAS_PERFUMES(id_perf,id_esencia_perf,tipo_nota) VALUES (8,8022159,'s');
INSERT INTO VAM_NOTAS_PERFUMES(id_perf,id_esencia_perf,tipo_nota) VALUES (8,8007705,'s');
INSERT INTO VAM_NOTAS_PERFUMES(id_perf,id_esencia_perf,tipo_nota) VALUES (8,53596040,'s');
INSERT INTO VAM_NOTAS_PERFUMES(id_perf,id_esencia_perf,tipo_nota) VALUES (8,800280,'c');
INSERT INTO VAM_NOTAS_PERFUMES(id_perf,id_esencia_perf,tipo_nota) VALUES (8,8000462,'c');
INSERT INTO VAM_NOTAS_PERFUMES(id_perf,id_esencia_perf,tipo_nota) VALUES (8,8024086,'c');
INSERT INTO VAM_NOTAS_PERFUMES(id_perf,id_esencia_perf,tipo_nota) VALUES (8,8016033,'f');
INSERT INTO VAM_NOTAS_PERFUMES(id_perf,id_esencia_perf,tipo_nota) VALUES (8,94350091,'f');
INSERT INTO VAM_NOTAS_PERFUMES(id_perf,id_esencia_perf,tipo_nota) VALUES (8,81147,'f');
INSERT INTO VAM_NOTAS_PERFUMES(id_perf,id_esencia_perf,tipo_nota) VALUES (9,68514750,'s');
INSERT INTO VAM_NOTAS_PERFUMES(id_perf,id_esencia_perf,tipo_nota) VALUES (9,8016384,'s');
INSERT INTO VAM_NOTAS_PERFUMES(id_perf,id_esencia_perf,tipo_nota) VALUES (9,8008568,'s');
INSERT INTO VAM_NOTAS_PERFUMES(id_perf,id_esencia_perf,tipo_nota) VALUES (9,1034798236,'c');
INSERT INTO VAM_NOTAS_PERFUMES(id_perf,id_esencia_perf,tipo_nota) VALUES (9,68917099,'c');
INSERT INTO VAM_NOTAS_PERFUMES(id_perf,id_esencia_perf,tipo_nota) VALUES (9,1406571,'c');
INSERT INTO VAM_NOTAS_PERFUMES(id_perf,id_esencia_perf,tipo_nota) VALUES (9,81141,'f');
INSERT INTO VAM_NOTAS_PERFUMES(id_perf,id_esencia_perf,tipo_nota) VALUES (9,8023856,'f');

--FLIA PRINCIPAL
INSERT INTO VAM_FO_PRINCIPAL(id_flia_olf,id_perf) VALUES (5,1);
INSERT INTO VAM_FO_PRINCIPAL(id_flia_olf,id_perf) VALUES (8,1);
INSERT INTO VAM_FO_PRINCIPAL(id_flia_olf,id_perf) VALUES (3,2);
INSERT INTO VAM_FO_PRINCIPAL(id_flia_olf,id_perf) VALUES (4,2);
INSERT INTO VAM_FO_PRINCIPAL(id_flia_olf,id_perf) VALUES (3,3);
INSERT INTO VAM_FO_PRINCIPAL(id_flia_olf,id_perf) VALUES (4,3);
INSERT INTO VAM_FO_PRINCIPAL(id_flia_olf,id_perf) VALUES (9,4);
INSERT INTO VAM_FO_PRINCIPAL(id_flia_olf,id_perf) VALUES (10,4);
INSERT INTO VAM_FO_PRINCIPAL(id_flia_olf,id_perf) VALUES (3,5);
INSERT INTO VAM_FO_PRINCIPAL(id_flia_olf,id_perf) VALUES (7,5);
INSERT INTO VAM_FO_PRINCIPAL(id_flia_olf,id_perf) VALUES (9,6);
INSERT INTO VAM_FO_PRINCIPAL(id_flia_olf,id_perf) VALUES (10,6);
INSERT INTO VAM_FO_PRINCIPAL(id_flia_olf,id_perf) VALUES (3,7);
INSERT INTO VAM_FO_PRINCIPAL(id_flia_olf,id_perf) VALUES (4,7);
INSERT INTO VAM_FO_PRINCIPAL(id_flia_olf,id_perf) VALUES (4,8);
INSERT INTO VAM_FO_PRINCIPAL(id_flia_olf,id_perf) VALUES (1,9);
INSERT INTO VAM_FO_PRINCIPAL(id_flia_olf,id_perf) VALUES (2,9);
INSERT INTO VAM_FO_PRINCIPAL(id_flia_olf,id_perf) VALUES (3,10);
INSERT INTO VAM_FO_PRINCIPAL(id_flia_olf,id_perf) VALUES (8,11);
INSERT INTO VAM_FO_PRINCIPAL(id_flia_olf,id_perf) VALUES (9,11);
INSERT INTO VAM_FO_PRINCIPAL(id_flia_olf,id_perf) VALUES (3,12);

--PERF INTENSIDAD
INSERT INTO VAM_PERF_INTENSIDADES(id_perfume,tipo,porc_concentracion) VALUES (1,'edc',5);
INSERT INTO VAM_PERF_INTENSIDADES(id_perfume,tipo,porc_concentracion) VALUES (2,'edp',15);
INSERT INTO VAM_PERF_INTENSIDADES(id_perfume,tipo,porc_concentracion) VALUES (3,'edp',15);
INSERT INTO VAM_PERF_INTENSIDADES(id_perfume,tipo,porc_concentracion) VALUES (4,'edp',15);
INSERT INTO VAM_PERF_INTENSIDADES(id_perfume,tipo,porc_concentracion) VALUES (5,'edt',10);
INSERT INTO VAM_PERF_INTENSIDADES(id_perfume,tipo,porc_concentracion) VALUES (6,'edt',10);
INSERT INTO VAM_PERF_INTENSIDADES(id_perfume,tipo,porc_concentracion) VALUES (7,'edp',15);
INSERT INTO VAM_PERF_INTENSIDADES(id_perfume,tipo,porc_concentracion) VALUES (8,'edp',15);
INSERT INTO VAM_PERF_INTENSIDADES(id_perfume,tipo,porc_concentracion) VALUES (9,'edt',10);
INSERT INTO VAM_PERF_INTENSIDADES(id_perfume,tipo,porc_concentracion) VALUES (10,'edp',15);
INSERT INTO VAM_PERF_INTENSIDADES(id_perfume,tipo,porc_concentracion) VALUES (11,'edp',15);
INSERT INTO VAM_PERF_INTENSIDADES(id_perfume,tipo,porc_concentracion) VALUES (12,'edp',15);

--PRESENTACIONES
INSERT INTO VAM_PRESENTACIONES(id_perf_intensidad,id_perf,volumen) VALUES (1,1,100);
INSERT INTO VAM_PRESENTACIONES(id_perf_intensidad,id_perf,volumen) VALUES (2,2,50);
INSERT INTO VAM_PRESENTACIONES(id_perf_intensidad,id_perf,volumen) VALUES (3,3,50);
INSERT INTO VAM_PRESENTACIONES(id_perf_intensidad,id_perf,volumen) VALUES (4,4,100);
INSERT INTO VAM_PRESENTACIONES(id_perf_intensidad,id_perf,volumen) VALUES (4,4,2);
INSERT INTO VAM_PRESENTACIONES(id_perf_intensidad,id_perf,volumen) VALUES (5,5,200);
INSERT INTO VAM_PRESENTACIONES(id_perf_intensidad,id_perf,volumen) VALUES (6,6,100);
INSERT INTO VAM_PRESENTACIONES(id_perf_intensidad,id_perf,volumen) VALUES (7,7,10);
INSERT INTO VAM_PRESENTACIONES(id_perf_intensidad,id_perf,volumen) VALUES (7,7,50);
INSERT INTO VAM_PRESENTACIONES(id_perf_intensidad,id_perf,volumen) VALUES (7,7,90);
INSERT INTO VAM_PRESENTACIONES(id_perf_intensidad,id_perf,volumen) VALUES (8,8,90);
INSERT INTO VAM_PRESENTACIONES(id_perf_intensidad,id_perf,volumen) VALUES (9,9,10);
INSERT INTO VAM_PRESENTACIONES(id_perf_intensidad,id_perf,volumen) VALUES (9,9,100);
INSERT INTO VAM_PRESENTACIONES(id_perf_intensidad,id_perf,volumen) VALUES (10,10,50);
INSERT INTO VAM_PRESENTACIONES(id_perf_intensidad,id_perf,volumen) VALUES (10,10,100);
INSERT INTO VAM_PRESENTACIONES(id_perf_intensidad,id_perf,volumen) VALUES (11,11,50);
INSERT INTO VAM_PRESENTACIONES(id_perf_intensidad,id_perf,volumen) VALUES (11,11,100);
INSERT INTO VAM_PRESENTACIONES(id_perf_intensidad,id_perf,volumen) VALUES (12,12,100);

--INGREDIENTES FLIA OLF
INSERT INTO VAM_INGRED_FLIA_OLF(id_flia_olf,id_esencia_perf) VALUES (4,8001388);
INSERT INTO VAM_INGRED_FLIA_OLF(id_flia_olf,id_esencia_perf) VALUES (2,81141);
INSERT INTO VAM_INGRED_FLIA_OLF(id_flia_olf,id_esencia_perf) VALUES (1,8038651);
INSERT INTO VAM_INGRED_FLIA_OLF(id_flia_olf,id_esencia_perf) VALUES (1,81147);
INSERT INTO VAM_INGRED_FLIA_OLF(id_flia_olf,id_esencia_perf) VALUES (1,8021270);
INSERT INTO VAM_INGRED_FLIA_OLF(id_flia_olf,id_esencia_perf) VALUES (4,90105945);
INSERT INTO VAM_INGRED_FLIA_OLF(id_flia_olf,id_esencia_perf) VALUES (9,9000059);
INSERT INTO VAM_INGRED_FLIA_OLF(id_flia_olf,id_esencia_perf) VALUES (7,8007705);
INSERT INTO VAM_INGRED_FLIA_OLF(id_flia_olf,id_esencia_perf) VALUES (5,61788907);
INSERT INTO VAM_INGRED_FLIA_OLF(id_flia_olf,id_esencia_perf) VALUES (8,8016232);
INSERT INTO VAM_INGRED_FLIA_OLF(id_flia_olf,id_esencia_perf) VALUES (5,8001670);
INSERT INTO VAM_INGRED_FLIA_OLF(id_flia_olf,id_esencia_perf) VALUES (10,8002027);
INSERT INTO VAM_INGRED_FLIA_OLF(id_flia_olf,id_esencia_perf) VALUES (8,8002037);
INSERT INTO VAM_INGRED_FLIA_OLF(id_flia_olf,id_esencia_perf) VALUES (10,544354);
INSERT INTO VAM_INGRED_FLIA_OLF(id_flia_olf,id_esencia_perf) VALUES (4,8016033);
INSERT INTO VAM_INGRED_FLIA_OLF(id_flia_olf,id_esencia_perf) VALUES (5,515037);
INSERT INTO VAM_INGRED_FLIA_OLF(id_flia_olf,id_esencia_perf) VALUES (6,8016635);
INSERT INTO VAM_INGRED_FLIA_OLF(id_flia_olf,id_esencia_perf) VALUES (9,8006777);
INSERT INTO VAM_INGRED_FLIA_OLF(id_flia_olf,id_esencia_perf) VALUES (3,8016784);
INSERT INTO VAM_INGRED_FLIA_OLF(id_flia_olf,id_esencia_perf) VALUES (3,816384);
INSERT INTO VAM_INGRED_FLIA_OLF(id_flia_olf,id_esencia_perf) VALUES (3,350449);
INSERT INTO VAM_INGRED_FLIA_OLF(id_flia_olf,id_esencia_perf) VALUES (3,8000462);
INSERT INTO VAM_INGRED_FLIA_OLF(id_flia_olf,id_esencia_perf) VALUES (4,8022159);
INSERT INTO VAM_INGRED_FLIA_OLF(id_flia_olf,id_esencia_perf) VALUES (5,8023925);
INSERT INTO VAM_INGRED_FLIA_OLF(id_flia_olf,id_esencia_perf) VALUES (3,8024086);
INSERT INTO VAM_INGRED_FLIA_OLF(id_flia_olf,id_esencia_perf) VALUES (5,8038658);
INSERT INTO VAM_INGRED_FLIA_OLF(id_flia_olf,id_esencia_perf) VALUES (3,8002731);
INSERT INTO VAM_INGRED_FLIA_OLF(id_flia_olf,id_esencia_perf) VALUES (3,1034798236);
INSERT INTO VAM_INGRED_FLIA_OLF(id_flia_olf,id_esencia_perf) VALUES (3,8022966);
INSERT INTO VAM_INGRED_FLIA_OLF(id_flia_olf,id_esencia_perf) VALUES (6,800280);
INSERT INTO VAM_INGRED_FLIA_OLF(id_flia_olf,id_esencia_perf) VALUES (2,8008568);
INSERT INTO VAM_INGRED_FLIA_OLF(id_flia_olf,id_esencia_perf) VALUES (3,8008262);
INSERT INTO VAM_INGRED_FLIA_OLF(id_flia_olf,id_esencia_perf) VALUES (8,94350091);
INSERT INTO VAM_INGRED_FLIA_OLF(id_flia_olf,id_esencia_perf) VALUES (8,8023856);
INSERT INTO VAM_INGRED_FLIA_OLF(id_flia_olf,id_esencia_perf) VALUES (8,68991366);
INSERT INTO VAM_INGRED_FLIA_OLF(id_flia_olf,id_esencia_perf) VALUES (4,8016851);
INSERT INTO VAM_INGRED_FLIA_OLF(id_flia_olf,id_esencia_perf) VALUES (5,8031036);
INSERT INTO VAM_INGRED_FLIA_OLF(id_flia_olf,id_esencia_perf) VALUES (6,9000504);
INSERT INTO VAM_INGRED_FLIA_OLF(id_flia_olf,id_esencia_perf) VALUES (2,68514750);
INSERT INTO VAM_INGRED_FLIA_OLF(id_flia_olf,id_esencia_perf) VALUES (2,8016384);
INSERT INTO VAM_INGRED_FLIA_OLF(id_flia_olf,id_esencia_perf) VALUES (3,8024053);
INSERT INTO VAM_INGRED_FLIA_OLF(id_flia_olf,id_esencia_perf) VALUES (4,8024371);
INSERT INTO VAM_INGRED_FLIA_OLF(id_flia_olf,id_esencia_perf) VALUES (4,8016204);
INSERT INTO VAM_INGRED_FLIA_OLF(id_flia_olf,id_esencia_perf) VALUES (8,8008933);
INSERT INTO VAM_INGRED_FLIA_OLF(id_flia_olf,id_esencia_perf) VALUES (8,8008455);
INSERT INTO VAM_INGRED_FLIA_OLF(id_flia_olf,id_esencia_perf) VALUES (5,1450625496);
INSERT INTO VAM_INGRED_FLIA_OLF(id_flia_olf,id_esencia_perf) VALUES (4,223747884);
INSERT INTO VAM_INGRED_FLIA_OLF(id_flia_olf,id_esencia_perf) VALUES (5,8006824);
INSERT INTO VAM_INGRED_FLIA_OLF(id_flia_olf,id_esencia_perf) VALUES (5,8006839);
INSERT INTO VAM_INGRED_FLIA_OLF(id_flia_olf,id_esencia_perf) VALUES (5,8006904);
INSERT INTO VAM_INGRED_FLIA_OLF(id_flia_olf,id_esencia_perf) VALUES (1,85085343);
INSERT INTO VAM_INGRED_FLIA_OLF(id_flia_olf,id_esencia_perf) VALUES (3,8007010);
INSERT INTO VAM_INGRED_FLIA_OLF(id_flia_olf,id_esencia_perf) VALUES (3,8007017);
INSERT INTO VAM_INGRED_FLIA_OLF(id_flia_olf,id_esencia_perf) VALUES (3,461011);
INSERT INTO VAM_INGRED_FLIA_OLF(id_flia_olf,id_esencia_perf) VALUES (3,8000257);
INSERT INTO VAM_INGRED_FLIA_OLF(id_flia_olf,id_esencia_perf) VALUES (3,90106380);
INSERT INTO VAM_INGRED_FLIA_OLF(id_flia_olf,id_esencia_perf) VALUES (5,53596040);
INSERT INTO VAM_INGRED_FLIA_OLF(id_flia_olf,id_esencia_perf) VALUES (9,1070895667);
INSERT INTO VAM_INGRED_FLIA_OLF(id_flia_olf,id_esencia_perf) VALUES (2,8015621);
INSERT INTO VAM_INGRED_FLIA_OLF(id_flia_olf,id_esencia_perf) VALUES (9,68917099);
INSERT INTO VAM_INGRED_FLIA_OLF(id_flia_olf,id_esencia_perf) VALUES (9,1406571);
INSERT INTO VAM_INGRED_FLIA_OLF(id_flia_olf,id_esencia_perf) VALUES (5,8052355);
INSERT INTO VAM_INGRED_FLIA_OLF(id_flia_olf,id_esencia_perf) VALUES (4,394376);
INSERT INTO VAM_INGRED_FLIA_OLF(id_flia_olf,id_esencia_perf) VALUES (3,12220505);

--F FN
INSERT INTO VAM_F_FN(id_flia_olf,id_palabra_clave) VALUES (1,1);
INSERT INTO VAM_F_FN(id_flia_olf,id_palabra_clave) VALUES (2,1);
INSERT INTO VAM_F_FN(id_flia_olf,id_palabra_clave) VALUES (3,1);
INSERT INTO VAM_F_FN(id_flia_olf,id_palabra_clave) VALUES (4,1);
INSERT INTO VAM_F_FN(id_flia_olf,id_palabra_clave) VALUES (5,1);
INSERT INTO VAM_F_FN(id_flia_olf,id_palabra_clave) VALUES (2,2);
INSERT INTO VAM_F_FN(id_flia_olf,id_palabra_clave) VALUES (3,3);
INSERT INTO VAM_F_FN(id_flia_olf,id_palabra_clave) VALUES (9,3);
INSERT INTO VAM_F_FN(id_flia_olf,id_palabra_clave) VALUES (3,4);
INSERT INTO VAM_F_FN(id_flia_olf,id_palabra_clave) VALUES (3,5);
INSERT INTO VAM_F_FN(id_flia_olf,id_palabra_clave) VALUES (4,5);
INSERT INTO VAM_F_FN(id_flia_olf,id_palabra_clave) VALUES (3,6);
INSERT INTO VAM_F_FN(id_flia_olf,id_palabra_clave) VALUES (4,6);
INSERT INTO VAM_F_FN(id_flia_olf,id_palabra_clave) VALUES (4,7);
INSERT INTO VAM_F_FN(id_flia_olf,id_palabra_clave) VALUES (4,8);
INSERT INTO VAM_F_FN(id_flia_olf,id_palabra_clave) VALUES (5,8);
INSERT INTO VAM_F_FN(id_flia_olf,id_palabra_clave) VALUES (3,9);
INSERT INTO VAM_F_FN(id_flia_olf,id_palabra_clave) VALUES (5,10);
INSERT INTO VAM_F_FN(id_flia_olf,id_palabra_clave) VALUES (5,11);
INSERT INTO VAM_F_FN(id_flia_olf,id_palabra_clave) VALUES (7,11);
INSERT INTO VAM_F_FN(id_flia_olf,id_palabra_clave) VALUES (8,11);
INSERT INTO VAM_F_FN(id_flia_olf,id_palabra_clave) VALUES (5,12);
INSERT INTO VAM_F_FN(id_flia_olf,id_palabra_clave) VALUES (6,13);
INSERT INTO VAM_F_FN(id_flia_olf,id_palabra_clave) VALUES (6,14);
INSERT INTO VAM_F_FN(id_flia_olf,id_palabra_clave) VALUES (6,15);
INSERT INTO VAM_F_FN(id_flia_olf,id_palabra_clave) VALUES (7,15);
INSERT INTO VAM_F_FN(id_flia_olf,id_palabra_clave) VALUES (7,16);
INSERT INTO VAM_F_FN(id_flia_olf,id_palabra_clave) VALUES (9,17);
INSERT INTO VAM_F_FN(id_flia_olf,id_palabra_clave) VALUES (8,18);
INSERT INTO VAM_F_FN(id_flia_olf,id_palabra_clave) VALUES (8,19);
INSERT INTO VAM_F_FN(id_flia_olf,id_palabra_clave) VALUES (9,20);
INSERT INTO VAM_F_FN(id_flia_olf,id_palabra_clave) VALUES (10,20);
INSERT INTO VAM_F_FN(id_flia_olf,id_palabra_clave) VALUES (9,21);
INSERT INTO VAM_F_FN(id_flia_olf,id_palabra_clave) VALUES (10,21);
INSERT INTO VAM_F_FN(id_flia_olf,id_palabra_clave) VALUES (10,1);
INSERT INTO VAM_F_FN(id_flia_olf,id_palabra_clave) VALUES (10,17);
INSERT INTO VAM_F_FN(id_flia_olf,id_palabra_clave) VALUES (1,22);
INSERT INTO VAM_F_FN(id_flia_olf,id_palabra_clave) VALUES (1,23);
INSERT INTO VAM_F_FN(id_flia_olf,id_palabra_clave) VALUES (1,24);
INSERT INTO VAM_F_FN(id_flia_olf,id_palabra_clave) VALUES (1,25);
INSERT INTO VAM_F_FN(id_flia_olf,id_palabra_clave) VALUES (2,26);
INSERT INTO VAM_F_FN(id_flia_olf,id_palabra_clave) VALUES (2,27);
INSERT INTO VAM_F_FN(id_flia_olf,id_palabra_clave) VALUES (4,27);
INSERT INTO VAM_F_FN(id_flia_olf,id_palabra_clave) VALUES (3,28);
INSERT INTO VAM_F_FN(id_flia_olf,id_palabra_clave) VALUES (4,28);
INSERT INTO VAM_F_FN(id_flia_olf,id_palabra_clave) VALUES (7,28);
INSERT INTO VAM_F_FN(id_flia_olf,id_palabra_clave) VALUES (3,29);
INSERT INTO VAM_F_FN(id_flia_olf,id_palabra_clave) VALUES (4,30);
INSERT INTO VAM_F_FN(id_flia_olf,id_palabra_clave) VALUES (4,31);
INSERT INTO VAM_F_FN(id_flia_olf,id_palabra_clave) VALUES (5,32);
INSERT INTO VAM_F_FN(id_flia_olf,id_palabra_clave) VALUES (5,33);
INSERT INTO VAM_F_FN(id_flia_olf,id_palabra_clave) VALUES (5,34);
INSERT INTO VAM_F_FN(id_flia_olf,id_palabra_clave) VALUES (5,35);
INSERT INTO VAM_F_FN(id_flia_olf,id_palabra_clave) VALUES (8,36);
INSERT INTO VAM_F_FN(id_flia_olf,id_palabra_clave) VALUES (9,37);
INSERT INTO VAM_F_FN(id_flia_olf,id_palabra_clave) VALUES (10,37);
INSERT INTO VAM_F_FN(id_flia_olf,id_palabra_clave) VALUES (9,38);
INSERT INTO VAM_F_FN(id_flia_olf,id_palabra_clave) VALUES (10,38);
INSERT INTO VAM_F_FN(id_flia_olf,id_palabra_clave) VALUES (1,39);
INSERT INTO VAM_F_FN(id_flia_olf,id_palabra_clave) VALUES (1,40);
INSERT INTO VAM_F_FN(id_flia_olf,id_palabra_clave) VALUES (1,41);
INSERT INTO VAM_F_FN(id_flia_olf,id_palabra_clave) VALUES (2,42);
INSERT INTO VAM_F_FN(id_flia_olf,id_palabra_clave) VALUES (2,43);
INSERT INTO VAM_F_FN(id_flia_olf,id_palabra_clave) VALUES (3,44);
INSERT INTO VAM_F_FN(id_flia_olf,id_palabra_clave) VALUES (4,45);
INSERT INTO VAM_F_FN(id_flia_olf,id_palabra_clave) VALUES (4,46);
INSERT INTO VAM_F_FN(id_flia_olf,id_palabra_clave) VALUES (5,47);
INSERT INTO VAM_F_FN(id_flia_olf,id_palabra_clave) VALUES (5,48);
INSERT INTO VAM_F_FN(id_flia_olf,id_palabra_clave) VALUES (5,49);
INSERT INTO VAM_F_FN(id_flia_olf,id_palabra_clave) VALUES (6,50);
INSERT INTO VAM_F_FN(id_flia_olf,id_palabra_clave) VALUES (6,51);
INSERT INTO VAM_F_FN(id_flia_olf,id_palabra_clave) VALUES (7,52);
INSERT INTO VAM_F_FN(id_flia_olf,id_palabra_clave) VALUES (7,53);
INSERT INTO VAM_F_FN(id_flia_olf,id_palabra_clave) VALUES (7,54);
INSERT INTO VAM_F_FN(id_flia_olf,id_palabra_clave) VALUES (9,52);
INSERT INTO VAM_F_FN(id_flia_olf,id_palabra_clave) VALUES (9,55);
INSERT INTO VAM_F_FN(id_flia_olf,id_palabra_clave) VALUES (10,55);
INSERT INTO VAM_F_FN(id_flia_olf,id_palabra_clave) VALUES (9,56);
INSERT INTO VAM_F_FN(id_flia_olf,id_palabra_clave) VALUES (10,56);
INSERT INTO VAM_F_FN(id_flia_olf,id_palabra_clave) VALUES (9,57);
INSERT INTO VAM_F_FN(id_flia_olf,id_palabra_clave) VALUES (10,57);
INSERT INTO VAM_F_FN(id_flia_olf,id_palabra_clave) VALUES (9,58);
INSERT INTO VAM_F_FN(id_flia_olf,id_palabra_clave) VALUES (10,58);
INSERT INTO VAM_F_FN(id_flia_olf,id_palabra_clave) VALUES (9,59);
INSERT INTO VAM_F_FN(id_flia_olf,id_palabra_clave) VALUES (10,59);

--Productor
INSERT INTO VAM_PRODUCTORES(nombre,email,telefono,pag_web,id_asoc_nac) VALUES ('Firmenich','daaid.lyon@firmenich.com',33170377661,'www.firmenich.com',NULL);
INSERT INTO VAM_PRODUCTORES(nombre,email,telefono,pag_web,id_asoc_nac) VALUES ('IFF','michael.deveau@iff.com',12127655500,'iff.com',NULL);
INSERT INTO VAM_PRODUCTORES(nombre,email,telefono,pag_web,id_asoc_nac) VALUES ('Estee Lauder Companies','alkumar.ka@elcompanies.com',12122294830,'www.elcompanies.com',21);
INSERT INTO VAM_PRODUCTORES(nombre,email,telefono,pag_web,id_asoc_nac) VALUES ('L’Occitane','lstrend312@gmail.com',969364656,'fr.loccitane.com',7);

--ESCALA
INSERT INTO VAM_ESCALAS(fecha_inicio,id_prod,valor_min,valor_max,fecha_fin) VALUES ('10/01/2015',4,0,10,'12/12/2015');
INSERT INTO VAM_ESCALAS(fecha_inicio,id_prod,valor_min,valor_max,fecha_fin) VALUES ('12/12/2015',4,0,20,NULL);
INSERT INTO VAM_ESCALAS(fecha_inicio,id_prod,valor_min,valor_max,fecha_fin) VALUES ('01/04/2017',3,1,10,'01/02/2018');
INSERT INTO VAM_ESCALAS(fecha_inicio,id_prod,valor_min,valor_max,fecha_fin) VALUES ('1/2/2018',2,0,10,'1/1/2019');
INSERT INTO VAM_ESCALAS(fecha_inicio,id_prod,valor_min,valor_max,fecha_fin) VALUES ('01/02/2018',3,1,20,NULL);
INSERT INTO VAM_ESCALAS(fecha_inicio,id_prod,valor_min,valor_max,fecha_fin) VALUES ('10/12/2018',1,0,5,'14/12/2019');
INSERT INTO VAM_ESCALAS(fecha_inicio,id_prod,valor_min,valor_max,fecha_fin) VALUES ('1/1/2019',2,1,25,'5/11/2019');
INSERT INTO VAM_ESCALAS(fecha_inicio,id_prod,valor_min,valor_max,fecha_fin) VALUES ('5/11/2019',2,1,100,NULL);
INSERT INTO VAM_ESCALAS(fecha_inicio,id_prod,valor_min,valor_max,fecha_fin) VALUES ('14/12/2019',1,0,50,NULL);

--Pais
INSERT INTO VAM_PAISES(continente,nombre,id_asoc_nac) VALUES ('as','Afganistán',NULL);
INSERT INTO VAM_PAISES(continente,nombre,id_asoc_nac) VALUES ('e','Islas Aland',NULL);
INSERT INTO VAM_PAISES(continente,nombre,id_asoc_nac) VALUES ('e','Albania',NULL);
INSERT INTO VAM_PAISES(continente,nombre,id_asoc_nac) VALUES ('af','Argelia',NULL);
INSERT INTO VAM_PAISES(continente,nombre,id_asoc_nac) VALUES ('o','Samoa Americana',NULL);
INSERT INTO VAM_PAISES(continente,nombre,id_asoc_nac) VALUES ('e','Andorra',NULL);
INSERT INTO VAM_PAISES(continente,nombre,id_asoc_nac) VALUES ('af','Angola',NULL);
INSERT INTO VAM_PAISES(continente,nombre,id_asoc_nac) VALUES ('am','Anguilla',NULL);
INSERT INTO VAM_PAISES(continente,nombre,id_asoc_nac) VALUES ('am','Antigua y Barbuda',NULL);
INSERT INTO VAM_PAISES(continente,nombre,id_asoc_nac) VALUES ('am','Argentina',16);
INSERT INTO VAM_PAISES(continente,nombre,id_asoc_nac) VALUES ('as','Armenia',NULL);
INSERT INTO VAM_PAISES(continente,nombre,id_asoc_nac) VALUES ('am','Aruba',NULL);
INSERT INTO VAM_PAISES(continente,nombre,id_asoc_nac) VALUES ('o','Australia',1);
INSERT INTO VAM_PAISES(continente,nombre,id_asoc_nac) VALUES ('e','Austria',NULL);
INSERT INTO VAM_PAISES(continente,nombre,id_asoc_nac) VALUES ('as','Azerbaiyán',NULL);
INSERT INTO VAM_PAISES(continente,nombre,id_asoc_nac) VALUES ('am','Bahamas',NULL);
INSERT INTO VAM_PAISES(continente,nombre,id_asoc_nac) VALUES ('as','Bahrein',NULL);
INSERT INTO VAM_PAISES(continente,nombre,id_asoc_nac) VALUES ('as','Bangladesh',NULL);
INSERT INTO VAM_PAISES(continente,nombre,id_asoc_nac) VALUES ('am','Barbados',NULL);
INSERT INTO VAM_PAISES(continente,nombre,id_asoc_nac) VALUES ('e','Bielorrusia',NULL);
INSERT INTO VAM_PAISES(continente,nombre,id_asoc_nac) VALUES ('e','Bélgica',NULL);
INSERT INTO VAM_PAISES(continente,nombre,id_asoc_nac) VALUES ('am','Belice',NULL);
INSERT INTO VAM_PAISES(continente,nombre,id_asoc_nac) VALUES ('af','Benin',NULL);
INSERT INTO VAM_PAISES(continente,nombre,id_asoc_nac) VALUES ('am','Islas Bermudas',NULL);
INSERT INTO VAM_PAISES(continente,nombre,id_asoc_nac) VALUES ('as','Bután',NULL);
INSERT INTO VAM_PAISES(continente,nombre,id_asoc_nac) VALUES ('am','Bolivia',NULL);
INSERT INTO VAM_PAISES(continente,nombre,id_asoc_nac) VALUES ('am','Bonaire, San Eustaquio y Saba',NULL);
INSERT INTO VAM_PAISES(continente,nombre,id_asoc_nac) VALUES ('e','Bosnia y Herzegovina',NULL);
INSERT INTO VAM_PAISES(continente,nombre,id_asoc_nac) VALUES ('af','Botswana',NULL);
INSERT INTO VAM_PAISES(continente,nombre,id_asoc_nac) VALUES ('am','Isla Bouvet',NULL);
INSERT INTO VAM_PAISES(continente,nombre,id_asoc_nac) VALUES ('am','Brasil',17);
INSERT INTO VAM_PAISES(continente,nombre,id_asoc_nac) VALUES ('af','Territorio Británico del Océano Índico',NULL);
INSERT INTO VAM_PAISES(continente,nombre,id_asoc_nac) VALUES ('am','Islas Vírgenes Británicas',NULL);
INSERT INTO VAM_PAISES(continente,nombre,id_asoc_nac) VALUES ('as','Brunei',NULL);
INSERT INTO VAM_PAISES(continente,nombre,id_asoc_nac) VALUES ('e','Bulgaria',NULL);
INSERT INTO VAM_PAISES(continente,nombre,id_asoc_nac) VALUES ('af','Burkina Faso',NULL);
INSERT INTO VAM_PAISES(continente,nombre,id_asoc_nac) VALUES ('af','Burundi',NULL);
INSERT INTO VAM_PAISES(continente,nombre,id_asoc_nac) VALUES ('af','Cabo Verde',NULL);
INSERT INTO VAM_PAISES(continente,nombre,id_asoc_nac) VALUES ('as','Camboya',NULL);
INSERT INTO VAM_PAISES(continente,nombre,id_asoc_nac) VALUES ('af','Camerún',NULL);
INSERT INTO VAM_PAISES(continente,nombre,id_asoc_nac) VALUES ('am','Canadá',21);
INSERT INTO VAM_PAISES(continente,nombre,id_asoc_nac) VALUES ('am','Islas Caimán',NULL);
INSERT INTO VAM_PAISES(continente,nombre,id_asoc_nac) VALUES ('af','República Centroafna',NULL);
INSERT INTO VAM_PAISES(continente,nombre,id_asoc_nac) VALUES ('af','Chad',NULL);
INSERT INTO VAM_PAISES(continente,nombre,id_asoc_nac) VALUES ('am','Chile',18);
INSERT INTO VAM_PAISES(continente,nombre,id_asoc_nac) VALUES ('as','China',2);
INSERT INTO VAM_PAISES(continente,nombre,id_asoc_nac) VALUES ('as','China, Hong Kong, Región Administrativa Especial',2);
INSERT INTO VAM_PAISES(continente,nombre,id_asoc_nac) VALUES ('as','China, Macao, Región Administrativa Especial',2);
INSERT INTO VAM_PAISES(continente,nombre,id_asoc_nac) VALUES ('o','Isla de Navidad',NULL);
INSERT INTO VAM_PAISES(continente,nombre,id_asoc_nac) VALUES ('o','Islas Cocos',NULL);
INSERT INTO VAM_PAISES(continente,nombre,id_asoc_nac) VALUES ('am','Colombia',19);
INSERT INTO VAM_PAISES(continente,nombre,id_asoc_nac) VALUES ('af','Comoras',NULL);
INSERT INTO VAM_PAISES(continente,nombre,id_asoc_nac) VALUES ('af','Congo',NULL);
INSERT INTO VAM_PAISES(continente,nombre,id_asoc_nac) VALUES ('o','Islas Cook',NULL);
INSERT INTO VAM_PAISES(continente,nombre,id_asoc_nac) VALUES ('am','Costa Rica',NULL);
INSERT INTO VAM_PAISES(continente,nombre,id_asoc_nac) VALUES ('af','Costa de Marfil',NULL);
INSERT INTO VAM_PAISES(continente,nombre,id_asoc_nac) VALUES ('e','Croacia',NULL);
INSERT INTO VAM_PAISES(continente,nombre,id_asoc_nac) VALUES ('am','Cuba',NULL);
INSERT INTO VAM_PAISES(continente,nombre,id_asoc_nac) VALUES ('am','Curaçao',NULL);
INSERT INTO VAM_PAISES(continente,nombre,id_asoc_nac) VALUES ('as','Chipre',NULL);
INSERT INTO VAM_PAISES(continente,nombre,id_asoc_nac) VALUES ('e','Chequia',NULL);
INSERT INTO VAM_PAISES(continente,nombre,id_asoc_nac) VALUES ('as','República Popular Democrática de Corea',NULL);
INSERT INTO VAM_PAISES(continente,nombre,id_asoc_nac) VALUES ('af','República Democrática del Congo',NULL);
INSERT INTO VAM_PAISES(continente,nombre,id_asoc_nac) VALUES ('e','Dinamarca',NULL);
INSERT INTO VAM_PAISES(continente,nombre,id_asoc_nac) VALUES ('af','Djibouti',NULL);
INSERT INTO VAM_PAISES(continente,nombre,id_asoc_nac) VALUES ('am','dominica',NULL);
INSERT INTO VAM_PAISES(continente,nombre,id_asoc_nac) VALUES ('am','República Dominicana',NULL);
INSERT INTO VAM_PAISES(continente,nombre,id_asoc_nac) VALUES ('am','Ecuador',NULL);
INSERT INTO VAM_PAISES(continente,nombre,id_asoc_nac) VALUES ('af','Egipto',NULL);
INSERT INTO VAM_PAISES(continente,nombre,id_asoc_nac) VALUES ('am','El Salvador',NULL);
INSERT INTO VAM_PAISES(continente,nombre,id_asoc_nac) VALUES ('af','Guinea Ecuatorial',NULL);
INSERT INTO VAM_PAISES(continente,nombre,id_asoc_nac) VALUES ('af','Eritrea',NULL);
INSERT INTO VAM_PAISES(continente,nombre,id_asoc_nac) VALUES ('e','Estonia',NULL);
INSERT INTO VAM_PAISES(continente,nombre,id_asoc_nac) VALUES ('af','Eswatini',NULL);
INSERT INTO VAM_PAISES(continente,nombre,id_asoc_nac) VALUES ('af','Etiopía',NULL);
INSERT INTO VAM_PAISES(continente,nombre,id_asoc_nac) VALUES ('am','Islas Malvinas',NULL);
INSERT INTO VAM_PAISES(continente,nombre,id_asoc_nac) VALUES ('e','Islas Faroe',NULL);
INSERT INTO VAM_PAISES(continente,nombre,id_asoc_nac) VALUES ('o','Fiji',NULL);
INSERT INTO VAM_PAISES(continente,nombre,id_asoc_nac) VALUES ('e','Finlandia',NULL);
INSERT INTO VAM_PAISES(continente,nombre,id_asoc_nac) VALUES ('e','Francia',7);
INSERT INTO VAM_PAISES(continente,nombre,id_asoc_nac) VALUES ('am','Guayana francesa',NULL);
INSERT INTO VAM_PAISES(continente,nombre,id_asoc_nac) VALUES ('o','Polinesia francés',NULL);
INSERT INTO VAM_PAISES(continente,nombre,id_asoc_nac) VALUES ('af','Territorios Franceses del Sur',NULL);
INSERT INTO VAM_PAISES(continente,nombre,id_asoc_nac) VALUES ('af','Gabón',NULL);
INSERT INTO VAM_PAISES(continente,nombre,id_asoc_nac) VALUES ('af','Gambia',NULL);
INSERT INTO VAM_PAISES(continente,nombre,id_asoc_nac) VALUES ('as','Georgia',NULL);
INSERT INTO VAM_PAISES(continente,nombre,id_asoc_nac) VALUES ('e','Alemania',8);
INSERT INTO VAM_PAISES(continente,nombre,id_asoc_nac) VALUES ('af','Ghana',NULL);
INSERT INTO VAM_PAISES(continente,nombre,id_asoc_nac) VALUES ('e','Gibraltar',NULL);
INSERT INTO VAM_PAISES(continente,nombre,id_asoc_nac) VALUES ('e','Grecia',NULL);
INSERT INTO VAM_PAISES(continente,nombre,id_asoc_nac) VALUES ('am','Groenlandia',NULL);
INSERT INTO VAM_PAISES(continente,nombre,id_asoc_nac) VALUES ('am','Granada',NULL);
INSERT INTO VAM_PAISES(continente,nombre,id_asoc_nac) VALUES ('am','Guadalupe',NULL);
INSERT INTO VAM_PAISES(continente,nombre,id_asoc_nac) VALUES ('o','Guam',NULL);
INSERT INTO VAM_PAISES(continente,nombre,id_asoc_nac) VALUES ('am','Guatemala',NULL);
INSERT INTO VAM_PAISES(continente,nombre,id_asoc_nac) VALUES ('e','Guernesey',NULL);
INSERT INTO VAM_PAISES(continente,nombre,id_asoc_nac) VALUES ('af','Guinea',NULL);
INSERT INTO VAM_PAISES(continente,nombre,id_asoc_nac) VALUES ('af','Guinea-Bissau',NULL);
INSERT INTO VAM_PAISES(continente,nombre,id_asoc_nac) VALUES ('am','Guayana',NULL);
INSERT INTO VAM_PAISES(continente,nombre,id_asoc_nac) VALUES ('am','Haití',NULL);
INSERT INTO VAM_PAISES(continente,nombre,id_asoc_nac) VALUES ('o','Islas Heard y McDonald',NULL);
INSERT INTO VAM_PAISES(continente,nombre,id_asoc_nac) VALUES ('e','Santa Sede',NULL);
INSERT INTO VAM_PAISES(continente,nombre,id_asoc_nac) VALUES ('am','Honduras',NULL);
INSERT INTO VAM_PAISES(continente,nombre,id_asoc_nac) VALUES ('e','Hungría',NULL);
INSERT INTO VAM_PAISES(continente,nombre,id_asoc_nac) VALUES ('e','Islandia',NULL);
INSERT INTO VAM_PAISES(continente,nombre,id_asoc_nac) VALUES ('as','India',NULL);
INSERT INTO VAM_PAISES(continente,nombre,id_asoc_nac) VALUES ('as','Indonesia',3);
INSERT INTO VAM_PAISES(continente,nombre,id_asoc_nac) VALUES ('as','Irán (República Islámica de)',NULL);
INSERT INTO VAM_PAISES(continente,nombre,id_asoc_nac) VALUES ('as','Irak',NULL);
INSERT INTO VAM_PAISES(continente,nombre,id_asoc_nac) VALUES ('e','Irlanda',NULL);
INSERT INTO VAM_PAISES(continente,nombre,id_asoc_nac) VALUES ('e','Isla del hombre',NULL);
INSERT INTO VAM_PAISES(continente,nombre,id_asoc_nac) VALUES ('as','Israel',NULL);
INSERT INTO VAM_PAISES(continente,nombre,id_asoc_nac) VALUES ('e','Italia',9);
INSERT INTO VAM_PAISES(continente,nombre,id_asoc_nac) VALUES ('am','Jamaica',NULL);
INSERT INTO VAM_PAISES(continente,nombre,id_asoc_nac) VALUES ('as','Japón',4);
INSERT INTO VAM_PAISES(continente,nombre,id_asoc_nac) VALUES ('e','Jersey',NULL);
INSERT INTO VAM_PAISES(continente,nombre,id_asoc_nac) VALUES ('as','Jordán',NULL);
INSERT INTO VAM_PAISES(continente,nombre,id_asoc_nac) VALUES ('as','Kazajstán',NULL);
INSERT INTO VAM_PAISES(continente,nombre,id_asoc_nac) VALUES ('af','Kenia',NULL);
INSERT INTO VAM_PAISES(continente,nombre,id_asoc_nac) VALUES ('o','Kiribati',NULL);
INSERT INTO VAM_PAISES(continente,nombre,id_asoc_nac) VALUES ('as','Kuwait',NULL);
INSERT INTO VAM_PAISES(continente,nombre,id_asoc_nac) VALUES ('as','Kirguizistán',NULL);
INSERT INTO VAM_PAISES(continente,nombre,id_asoc_nac) VALUES ('as','República Democrática Popular de Lao',NULL);
INSERT INTO VAM_PAISES(continente,nombre,id_asoc_nac) VALUES ('e','Letonia',NULL);
INSERT INTO VAM_PAISES(continente,nombre,id_asoc_nac) VALUES ('as','Líbano',NULL);
INSERT INTO VAM_PAISES(continente,nombre,id_asoc_nac) VALUES ('af','Lesoto',NULL);
INSERT INTO VAM_PAISES(continente,nombre,id_asoc_nac) VALUES ('af','Liberia',NULL);
INSERT INTO VAM_PAISES(continente,nombre,id_asoc_nac) VALUES ('af','Libia',NULL);
INSERT INTO VAM_PAISES(continente,nombre,id_asoc_nac) VALUES ('e','Liechtenstein',NULL);
INSERT INTO VAM_PAISES(continente,nombre,id_asoc_nac) VALUES ('e','Lituania',NULL);
INSERT INTO VAM_PAISES(continente,nombre,id_asoc_nac) VALUES ('e','Luxemburgo',NULL);
INSERT INTO VAM_PAISES(continente,nombre,id_asoc_nac) VALUES ('af','Madagascar',NULL);
INSERT INTO VAM_PAISES(continente,nombre,id_asoc_nac) VALUES ('af','Malawi',NULL);
INSERT INTO VAM_PAISES(continente,nombre,id_asoc_nac) VALUES ('as','Malas',NULL);
INSERT INTO VAM_PAISES(continente,nombre,id_asoc_nac) VALUES ('as','Maldivas',NULL);
INSERT INTO VAM_PAISES(continente,nombre,id_asoc_nac) VALUES ('af','mali',NULL);
INSERT INTO VAM_PAISES(continente,nombre,id_asoc_nac) VALUES ('e','Malta',NULL);
INSERT INTO VAM_PAISES(continente,nombre,id_asoc_nac) VALUES ('o','Islas Marshall',NULL);
INSERT INTO VAM_PAISES(continente,nombre,id_asoc_nac) VALUES ('am','Martinica',NULL);
INSERT INTO VAM_PAISES(continente,nombre,id_asoc_nac) VALUES ('af','Mauritania',NULL);
INSERT INTO VAM_PAISES(continente,nombre,id_asoc_nac) VALUES ('af','Isla mauricio',NULL);
INSERT INTO VAM_PAISES(continente,nombre,id_asoc_nac) VALUES ('af','Mayotte',NULL);
INSERT INTO VAM_PAISES(continente,nombre,id_asoc_nac) VALUES ('am','México',20);
INSERT INTO VAM_PAISES(continente,nombre,id_asoc_nac) VALUES ('o','Micronesia (Estados Federados de)',NULL);
INSERT INTO VAM_PAISES(continente,nombre,id_asoc_nac) VALUES ('e','Mónaco',NULL);
INSERT INTO VAM_PAISES(continente,nombre,id_asoc_nac) VALUES ('as','Mongolia',NULL);
INSERT INTO VAM_PAISES(continente,nombre,id_asoc_nac) VALUES ('e','Montenegro',NULL);
INSERT INTO VAM_PAISES(continente,nombre,id_asoc_nac) VALUES ('am','Montserrat',NULL);
INSERT INTO VAM_PAISES(continente,nombre,id_asoc_nac) VALUES ('af','Marruecos',NULL);
INSERT INTO VAM_PAISES(continente,nombre,id_asoc_nac) VALUES ('af','Mozambique',NULL);
INSERT INTO VAM_PAISES(continente,nombre,id_asoc_nac) VALUES ('as','Myanmar',NULL);
INSERT INTO VAM_PAISES(continente,nombre,id_asoc_nac) VALUES ('af','Namibia',NULL);
INSERT INTO VAM_PAISES(continente,nombre,id_asoc_nac) VALUES ('o','Nauru',NULL);
INSERT INTO VAM_PAISES(continente,nombre,id_asoc_nac) VALUES ('as','Nepal',NULL);
INSERT INTO VAM_PAISES(continente,nombre,id_asoc_nac) VALUES ('e','Países Bajos',10);
INSERT INTO VAM_PAISES(continente,nombre,id_asoc_nac) VALUES ('o','Nueva Caledonia',NULL);
INSERT INTO VAM_PAISES(continente,nombre,id_asoc_nac) VALUES ('o','Nueva Zelanda',1);
INSERT INTO VAM_PAISES(continente,nombre,id_asoc_nac) VALUES ('am','Nicaragua',NULL);
INSERT INTO VAM_PAISES(continente,nombre,id_asoc_nac) VALUES ('af','Níger',NULL);
INSERT INTO VAM_PAISES(continente,nombre,id_asoc_nac) VALUES ('af','Nigeria',NULL);
INSERT INTO VAM_PAISES(continente,nombre,id_asoc_nac) VALUES ('o','Niue',NULL);
INSERT INTO VAM_PAISES(continente,nombre,id_asoc_nac) VALUES ('o','Isla Norfolk',NULL);
INSERT INTO VAM_PAISES(continente,nombre,id_asoc_nac) VALUES ('e','Norte Macedonia',NULL);
INSERT INTO VAM_PAISES(continente,nombre,id_asoc_nac) VALUES ('o','Islas Marianas del Norte',NULL);
INSERT INTO VAM_PAISES(continente,nombre,id_asoc_nac) VALUES ('e','Noruega',NULL);
INSERT INTO VAM_PAISES(continente,nombre,id_asoc_nac) VALUES ('as','Omán',NULL);
INSERT INTO VAM_PAISES(continente,nombre,id_asoc_nac) VALUES ('as','Pakistán',NULL);
INSERT INTO VAM_PAISES(continente,nombre,id_asoc_nac) VALUES ('o','Palau',NULL);
INSERT INTO VAM_PAISES(continente,nombre,id_asoc_nac) VALUES ('am','Panamá',NULL);
INSERT INTO VAM_PAISES(continente,nombre,id_asoc_nac) VALUES ('o','Papúa Nueva Guinea',NULL);
INSERT INTO VAM_PAISES(continente,nombre,id_asoc_nac) VALUES ('am','Paraguay',NULL);
INSERT INTO VAM_PAISES(continente,nombre,id_asoc_nac) VALUES ('am','Perú',NULL);
INSERT INTO VAM_PAISES(continente,nombre,id_asoc_nac) VALUES ('as','Filipinas',NULL);
INSERT INTO VAM_PAISES(continente,nombre,id_asoc_nac) VALUES ('o','Pitcairn',NULL);
INSERT INTO VAM_PAISES(continente,nombre,id_asoc_nac) VALUES ('e','Polonia',NULL);
INSERT INTO VAM_PAISES(continente,nombre,id_asoc_nac) VALUES ('e','Portugal',NULL);
INSERT INTO VAM_PAISES(continente,nombre,id_asoc_nac) VALUES ('am','Puerto Rico',NULL);
INSERT INTO VAM_PAISES(continente,nombre,id_asoc_nac) VALUES ('as','Katar',NULL);
INSERT INTO VAM_PAISES(continente,nombre,id_asoc_nac) VALUES ('as','República de Corea',5);
INSERT INTO VAM_PAISES(continente,nombre,id_asoc_nac) VALUES ('e','República de Moldova',NULL);
INSERT INTO VAM_PAISES(continente,nombre,id_asoc_nac) VALUES ('af','Reunión',NULL);
INSERT INTO VAM_PAISES(continente,nombre,id_asoc_nac) VALUES ('e','Rumania',NULL);
INSERT INTO VAM_PAISES(continente,nombre,id_asoc_nac) VALUES ('e','Rusia',NULL);
INSERT INTO VAM_PAISES(continente,nombre,id_asoc_nac) VALUES ('af','Ruanda',NULL);
INSERT INTO VAM_PAISES(continente,nombre,id_asoc_nac) VALUES ('am','San Bartolomé',NULL);
INSERT INTO VAM_PAISES(continente,nombre,id_asoc_nac) VALUES ('af','Santa Helena',NULL);
INSERT INTO VAM_PAISES(continente,nombre,id_asoc_nac) VALUES ('am','Saint Kitts y Nevis',NULL);
INSERT INTO VAM_PAISES(continente,nombre,id_asoc_nac) VALUES ('am','Santa Lucía',NULL);
INSERT INTO VAM_PAISES(continente,nombre,id_asoc_nac) VALUES ('am','San Martín (parte francesa)',NULL);
INSERT INTO VAM_PAISES(continente,nombre,id_asoc_nac) VALUES ('am','San Pedro y Miquelón',NULL);
INSERT INTO VAM_PAISES(continente,nombre,id_asoc_nac) VALUES ('am','San Vicente y las Granadinas',NULL);
INSERT INTO VAM_PAISES(continente,nombre,id_asoc_nac) VALUES ('o','Samoa',NULL);
INSERT INTO VAM_PAISES(continente,nombre,id_asoc_nac) VALUES ('e','San Marino',NULL);
INSERT INTO VAM_PAISES(continente,nombre,id_asoc_nac) VALUES ('af','Santo Tomé y Príncipe',NULL);
INSERT INTO VAM_PAISES(continente,nombre,id_asoc_nac) VALUES ('e','Sark',NULL);
INSERT INTO VAM_PAISES(continente,nombre,id_asoc_nac) VALUES ('as','Arabia Saudita',NULL);
INSERT INTO VAM_PAISES(continente,nombre,id_asoc_nac) VALUES ('af','Senegal',NULL);
INSERT INTO VAM_PAISES(continente,nombre,id_asoc_nac) VALUES ('e','Serbia',NULL);
INSERT INTO VAM_PAISES(continente,nombre,id_asoc_nac) VALUES ('af','Seychelles',NULL);
INSERT INTO VAM_PAISES(continente,nombre,id_asoc_nac) VALUES ('af','Sierra Leona',NULL);
INSERT INTO VAM_PAISES(continente,nombre,id_asoc_nac) VALUES ('as','Singapur',6);
INSERT INTO VAM_PAISES(continente,nombre,id_asoc_nac) VALUES ('am','Sint Maarten (parte neerlandesa)',NULL);
INSERT INTO VAM_PAISES(continente,nombre,id_asoc_nac) VALUES ('e','Eslovaquia',NULL);
INSERT INTO VAM_PAISES(continente,nombre,id_asoc_nac) VALUES ('e','Eslovenia',NULL);
INSERT INTO VAM_PAISES(continente,nombre,id_asoc_nac) VALUES ('o','Islas Salomón',NULL);
INSERT INTO VAM_PAISES(continente,nombre,id_asoc_nac) VALUES ('af','Somalia',NULL);
INSERT INTO VAM_PAISES(continente,nombre,id_asoc_nac) VALUES ('af','Sudáfrica',11);
INSERT INTO VAM_PAISES(continente,nombre,id_asoc_nac) VALUES ('am','Georgia del sur y las islas Sandwich del sur',NULL);
INSERT INTO VAM_PAISES(continente,nombre,id_asoc_nac) VALUES ('af','Sudán del Sur',NULL);
INSERT INTO VAM_PAISES(continente,nombre,id_asoc_nac) VALUES ('e','España',12);
INSERT INTO VAM_PAISES(continente,nombre,id_asoc_nac) VALUES ('as','Sri Lanka',NULL);
INSERT INTO VAM_PAISES(continente,nombre,id_asoc_nac) VALUES ('as','Estado de Palestina',NULL);
INSERT INTO VAM_PAISES(continente,nombre,id_asoc_nac) VALUES ('af','Sudán',NULL);
INSERT INTO VAM_PAISES(continente,nombre,id_asoc_nac) VALUES ('am','Surinam',NULL);
INSERT INTO VAM_PAISES(continente,nombre,id_asoc_nac) VALUES ('e','Svalbard y Jan Mayen',NULL);
INSERT INTO VAM_PAISES(continente,nombre,id_asoc_nac) VALUES ('e','Suecia',NULL);
INSERT INTO VAM_PAISES(continente,nombre,id_asoc_nac) VALUES ('e','Suiza',13);
INSERT INTO VAM_PAISES(continente,nombre,id_asoc_nac) VALUES ('as','República Árabe Siria',NULL);
INSERT INTO VAM_PAISES(continente,nombre,id_asoc_nac) VALUES ('as','Tayikistán',NULL);
INSERT INTO VAM_PAISES(continente,nombre,id_asoc_nac) VALUES ('as','Tailandia',NULL);
INSERT INTO VAM_PAISES(continente,nombre,id_asoc_nac) VALUES ('as','Timor Oriental',NULL);
INSERT INTO VAM_PAISES(continente,nombre,id_asoc_nac) VALUES ('af','Ir',NULL);
INSERT INTO VAM_PAISES(continente,nombre,id_asoc_nac) VALUES ('o','Tokelau',NULL);
INSERT INTO VAM_PAISES(continente,nombre,id_asoc_nac) VALUES ('o','Tonga',NULL);
INSERT INTO VAM_PAISES(continente,nombre,id_asoc_nac) VALUES ('am','Trinidad y Tobago',NULL);
INSERT INTO VAM_PAISES(continente,nombre,id_asoc_nac) VALUES ('af','Túnez',NULL);
INSERT INTO VAM_PAISES(continente,nombre,id_asoc_nac) VALUES ('as','Turquia',14);
INSERT INTO VAM_PAISES(continente,nombre,id_asoc_nac) VALUES ('as','Turkmenistán',NULL);
INSERT INTO VAM_PAISES(continente,nombre,id_asoc_nac) VALUES ('am','Islas Turcas y Caicos',NULL);
INSERT INTO VAM_PAISES(continente,nombre,id_asoc_nac) VALUES ('o','Tuvalu',NULL);
INSERT INTO VAM_PAISES(continente,nombre,id_asoc_nac) VALUES ('af','Uganda',NULL);
INSERT INTO VAM_PAISES(continente,nombre,id_asoc_nac) VALUES ('e','Ucrania',NULL);
INSERT INTO VAM_PAISES(continente,nombre,id_asoc_nac) VALUES ('as','Emiratos Árabes Unidos',NULL);
INSERT INTO VAM_PAISES(continente,nombre,id_asoc_nac) VALUES ('e','Reino Unido de Gran Bretaña e Irlanda del Norte',15);
INSERT INTO VAM_PAISES(continente,nombre,id_asoc_nac) VALUES ('af','República Unida de Tanzania',NULL);
INSERT INTO VAM_PAISES(continente,nombre,id_asoc_nac) VALUES ('o','Islas periféricas menores de Estados Unidos',NULL);
INSERT INTO VAM_PAISES(continente,nombre,id_asoc_nac) VALUES ('am','Estados Unidos de America',21);
INSERT INTO VAM_PAISES(continente,nombre,id_asoc_nac) VALUES ('am','Islas Vírgenes de los Estados',NULL);
INSERT INTO VAM_PAISES(continente,nombre,id_asoc_nac) VALUES ('am','Uruguay',NULL);
INSERT INTO VAM_PAISES(continente,nombre,id_asoc_nac) VALUES ('as','Uzbekistán',NULL);
INSERT INTO VAM_PAISES(continente,nombre,id_asoc_nac) VALUES ('o','Vanuatu',NULL);
INSERT INTO VAM_PAISES(continente,nombre,id_asoc_nac) VALUES ('am','Venezuela (República Bolivariana de)',NULL);
INSERT INTO VAM_PAISES(continente,nombre,id_asoc_nac) VALUES ('as','Vietnam',NULL);
INSERT INTO VAM_PAISES(continente,nombre,id_asoc_nac) VALUES ('o','Wallis y Futuna',NULL);
INSERT INTO VAM_PAISES(continente,nombre,id_asoc_nac) VALUES ('af','Sahara Occidental',NULL);
INSERT INTO VAM_PAISES(continente,nombre,id_asoc_nac) VALUES ('as','Yemen',NULL);
INSERT INTO VAM_PAISES(continente,nombre,id_asoc_nac) VALUES ('af','Zambia',NULL);
INSERT INTO VAM_PAISES(continente,nombre,id_asoc_nac) VALUES ('af','Zimbabue',NULL);


--Proveedor
INSERT INTO VAM_PROVEEDORES(nombre,email,telefono,pag_web,id_pais,id_asoc_nac) VALUES ('Ultra International Ltd','ultra@ultranl.com',911141517010,'ultranl.com',155,10);
INSERT INTO VAM_PROVEEDORES(nombre,email,telefono,pag_web,id_pais,id_asoc_nac) VALUES ('Privi Organics Ltd','info@privi.co.in',912233043500,'www.privi.com',106,NULL);
INSERT INTO VAM_PROVEEDORES(nombre,email,telefono,pag_web,id_pais,id_asoc_nac) VALUES ('Tennants','contact@tennantsfinechemicals.co.uk',1538399100,'www.tennantsfinechemicals.co.uk',234,NULL);
INSERT INTO VAM_PROVEEDORES(nombre,email,telefono,pag_web,id_pais,id_asoc_nac) VALUES ('Mane','yaas.dumont@mane.com',34493097000,'www.mane.com/',237,21);
INSERT INTO VAM_PROVEEDORES(nombre,email,telefono,pag_web,id_pais,id_asoc_nac) VALUES ('Inoue Pergumery MFG','overseas-div@ino-p.com',81337299147,'www.ino-p.com/en',115,4);

--PERFUMISTAS
INSERT INTO VAM_PEFUMISTAS(nombre,apellido,id_pais) VALUES ('Daniel','Moliere',80);
INSERT INTO VAM_PEFUMISTAS(nombre,apellido,id_pais) VALUES ('Cristophe','Raynord',80);
INSERT INTO VAM_PEFUMISTAS(nombre,apellido,id_pais) VALUES ('Jean-Marc','Chaillan',80);
INSERT INTO VAM_PEFUMISTAS(nombre,apellido,id_pais) VALUES ('Isaac','Mizrahi',237);
INSERT INTO VAM_PEFUMISTAS(nombre,apellido,id_pais) VALUES ('Laurent','Le Guernec',80);
INSERT INTO VAM_PEFUMISTAS(nombre,apellido,id_pais) VALUES ('David','Apel',237);
INSERT INTO VAM_PEFUMISTAS(nombre,apellido,id_pais) VALUES ('Antoine','Lie',80);
INSERT INTO VAM_PEFUMISTAS(nombre,apellido,id_pais) VALUES ('Jean-Cristophe','Herault',80);
INSERT INTO VAM_PEFUMISTAS(nombre,apellido,id_pais) VALUES ('Philipe','Roque',80);
INSERT INTO VAM_PEFUMISTAS(nombre,apellido,id_pais) VALUES ('Ilias','Ermenidis',80);
INSERT INTO VAM_PEFUMISTAS(nombre,apellido,id_pais) VALUES ('Karin','Dubreuil',80);
INSERT INTO VAM_PEFUMISTAS(nombre,apellido,id_pais) VALUES ('Alexis','Dadier',80);
INSERT INTO VAM_PEFUMISTAS(nombre,apellido,id_pais) VALUES ('Olivier','Cresp',80);
INSERT INTO VAM_PEFUMISTAS(nombre,apellido,id_pais) VALUES ('Rodrigo','Flores-Roux',143);

--P_P
INSERT INTO VAM_P_P(id_perfumista,id_perfume) VALUES (1,1);
INSERT INTO VAM_P_P(id_perfumista,id_perfume) VALUES (2,1);
INSERT INTO VAM_P_P(id_perfumista,id_perfume) VALUES (3,2);
INSERT INTO VAM_P_P(id_perfumista,id_perfume) VALUES (4,3);
INSERT INTO VAM_P_P(id_perfumista,id_perfume) VALUES (5,4);
INSERT INTO VAM_P_P(id_perfumista,id_perfume) VALUES (6,4);
INSERT INTO VAM_P_P(id_perfumista,id_perfume) VALUES (7,5);
INSERT INTO VAM_P_P(id_perfumista,id_perfume) VALUES (8,5);
INSERT INTO VAM_P_P(id_perfumista,id_perfume) VALUES (9,6);
INSERT INTO VAM_P_P(id_perfumista,id_perfume) VALUES (10,6);
INSERT INTO VAM_P_P(id_perfumista,id_perfume) VALUES (11,7);
INSERT INTO VAM_P_P(id_perfumista,id_perfume) VALUES (12,8);
INSERT INTO VAM_P_P(id_perfumista,id_perfume) VALUES (11,9);
INSERT INTO VAM_P_P(id_perfumista,id_perfume) VALUES (13,10);
INSERT INTO VAM_P_P(id_perfumista,id_perfume) VALUES (13,11);
INSERT INTO VAM_P_P(id_perfumista,id_perfume) VALUES (14,12);

--PA_PR
INSERT INTO VAM_PA_PR(id_productor,id_pais) VALUES (1,217);
INSERT INTO VAM_PA_PR(id_productor,id_pais) VALUES (1,237);
INSERT INTO VAM_PA_PR(id_productor,id_pais) VALUES (1,13);
INSERT INTO VAM_PA_PR(id_productor,id_pais) VALUES (1,14);
INSERT INTO VAM_PA_PR(id_productor,id_pais) VALUES (1,21);
INSERT INTO VAM_PA_PR(id_productor,id_pais) VALUES (1,31);
INSERT INTO VAM_PA_PR(id_productor,id_pais) VALUES (1,46);
INSERT INTO VAM_PA_PR(id_productor,id_pais) VALUES (1,51);
INSERT INTO VAM_PA_PR(id_productor,id_pais) VALUES (1,64);
INSERT INTO VAM_PA_PR(id_productor,id_pais) VALUES (1,80);
INSERT INTO VAM_PA_PR(id_productor,id_pais) VALUES (1,87);
INSERT INTO VAM_PA_PR(id_productor,id_pais) VALUES (1,106);
INSERT INTO VAM_PA_PR(id_productor,id_pais) VALUES (1,113);
INSERT INTO VAM_PA_PR(id_productor,id_pais) VALUES (1,115);
INSERT INTO VAM_PA_PR(id_productor,id_pais) VALUES (1,143);
INSERT INTO VAM_PA_PR(id_productor,id_pais) VALUES (1,160);
INSERT INTO VAM_PA_PR(id_productor,id_pais) VALUES (1,165);
INSERT INTO VAM_PA_PR(id_productor,id_pais) VALUES (1,173);
INSERT INTO VAM_PA_PR(id_productor,id_pais) VALUES (1,201);
INSERT INTO VAM_PA_PR(id_productor,id_pais) VALUES (1,207);
INSERT INTO VAM_PA_PR(id_productor,id_pais) VALUES (1,210);
INSERT INTO VAM_PA_PR(id_productor,id_pais) VALUES (1,220);
INSERT INTO VAM_PA_PR(id_productor,id_pais) VALUES (1,232);
INSERT INTO VAM_PA_PR(id_productor,id_pais) VALUES (1,234);
INSERT INTO VAM_PA_PR(id_productor,id_pais) VALUES (2,13);
INSERT INTO VAM_PA_PR(id_productor,id_pais) VALUES (2,46);
INSERT INTO VAM_PA_PR(id_productor,id_pais) VALUES (2,107);
INSERT INTO VAM_PA_PR(id_productor,id_pais) VALUES (2,115);
INSERT INTO VAM_PA_PR(id_productor,id_pais) VALUES (2,179);
INSERT INTO VAM_PA_PR(id_productor,id_pais) VALUES (2,173);
INSERT INTO VAM_PA_PR(id_productor,id_pais) VALUES (2,201);
INSERT INTO VAM_PA_PR(id_productor,id_pais) VALUES (2,220);
INSERT INTO VAM_PA_PR(id_productor,id_pais) VALUES (2,243);
INSERT INTO VAM_PA_PR(id_productor,id_pais) VALUES (2,10);
INSERT INTO VAM_PA_PR(id_productor,id_pais) VALUES (2,45);
INSERT INTO VAM_PA_PR(id_productor,id_pais) VALUES (2,31);
INSERT INTO VAM_PA_PR(id_productor,id_pais) VALUES (2,51);
INSERT INTO VAM_PA_PR(id_productor,id_pais) VALUES (2,143);
INSERT INTO VAM_PA_PR(id_productor,id_pais) VALUES (2,237);
INSERT INTO VAM_PA_PR(id_productor,id_pais) VALUES (2,41);
INSERT INTO VAM_PA_PR(id_productor,id_pais) VALUES (2,80);
INSERT INTO VAM_PA_PR(id_productor,id_pais) VALUES (2,81);
INSERT INTO VAM_PA_PR(id_productor,id_pais) VALUES (2,155);
INSERT INTO VAM_PA_PR(id_productor,id_pais) VALUES (2,183);
INSERT INTO VAM_PA_PR(id_productor,id_pais) VALUES (2,175);
INSERT INTO VAM_PA_PR(id_productor,id_pais) VALUES (2,227);
INSERT INTO VAM_PA_PR(id_productor,id_pais) VALUES (2,210);
INSERT INTO VAM_PA_PR(id_productor,id_pais) VALUES (2,234);
INSERT INTO VAM_PA_PR(id_productor,id_pais) VALUES (2,112);
INSERT INTO VAM_PA_PR(id_productor,id_pais) VALUES (2,207);
INSERT INTO VAM_PA_PR(id_productor,id_pais) VALUES (2,233);
INSERT INTO VAM_PA_PR(id_productor,id_pais) VALUES (2,95);
INSERT INTO VAM_PA_PR(id_productor,id_pais) VALUES (2,47);
INSERT INTO VAM_PA_PR(id_productor,id_pais) VALUES (2,232);
INSERT INTO VAM_PA_PR(id_productor,id_pais) VALUES (2,217);
INSERT INTO VAM_PA_PR(id_productor,id_pais) VALUES (3,237);
INSERT INTO VAM_PA_PR(id_productor,id_pais) VALUES (3,31);
INSERT INTO VAM_PA_PR(id_productor,id_pais) VALUES (3,179);
INSERT INTO VAM_PA_PR(id_productor,id_pais) VALUES (3,207);
INSERT INTO VAM_PA_PR(id_productor,id_pais) VALUES (3,234);
INSERT INTO VAM_PA_PR(id_productor,id_pais) VALUES (3,210);
INSERT INTO VAM_PA_PR(id_productor,id_pais) VALUES (3,113);
INSERT INTO VAM_PA_PR(id_productor,id_pais) VALUES (3,87);
INSERT INTO VAM_PA_PR(id_productor,id_pais) VALUES (3,21);
INSERT INTO VAM_PA_PR(id_productor,id_pais) VALUES (3,176);
INSERT INTO VAM_PA_PR(id_productor,id_pais) VALUES (3,51);
INSERT INTO VAM_PA_PR(id_productor,id_pais) VALUES (3,242);
INSERT INTO VAM_PA_PR(id_productor,id_pais) VALUES (3,143);
INSERT INTO VAM_PA_PR(id_productor,id_pais) VALUES (3,183);
INSERT INTO VAM_PA_PR(id_productor,id_pais) VALUES (3,46);
INSERT INTO VAM_PA_PR(id_productor,id_pais) VALUES (3,106);
INSERT INTO VAM_PA_PR(id_productor,id_pais) VALUES (3,13);
INSERT INTO VAM_PA_PR(id_productor,id_pais) VALUES (3,157);
INSERT INTO VAM_PA_PR(id_productor,id_pais) VALUES (3,112);
INSERT INTO VAM_PA_PR(id_productor,id_pais) VALUES (3,217);
INSERT INTO VAM_PA_PR(id_productor,id_pais) VALUES (3,14);
INSERT INTO VAM_PA_PR(id_productor,id_pais) VALUES (3,104);
INSERT INTO VAM_PA_PR(id_productor,id_pais) VALUES (3,64);
INSERT INTO VAM_PA_PR(id_productor,id_pais) VALUES (4,211);
INSERT INTO VAM_PA_PR(id_productor,id_pais) VALUES (4,220);
INSERT INTO VAM_PA_PR(id_productor,id_pais) VALUES (4,179);
INSERT INTO VAM_PA_PR(id_productor,id_pais) VALUES (4,243);
INSERT INTO VAM_PA_PR(id_productor,id_pais) VALUES (4,173);
INSERT INTO VAM_PA_PR(id_productor,id_pais) VALUES (4,115);
INSERT INTO VAM_PA_PR(id_productor,id_pais) VALUES (4,46);
INSERT INTO VAM_PA_PR(id_productor,id_pais) VALUES (4,107);
INSERT INTO VAM_PA_PR(id_productor,id_pais) VALUES (4,106);
INSERT INTO VAM_PA_PR(id_productor,id_pais) VALUES (4,41);
INSERT INTO VAM_PA_PR(id_productor,id_pais) VALUES (4,145);
INSERT INTO VAM_PA_PR(id_productor,id_pais) VALUES (4,176);
INSERT INTO VAM_PA_PR(id_productor,id_pais) VALUES (4,175);
INSERT INTO VAM_PA_PR(id_productor,id_pais) VALUES (4,232);
INSERT INTO VAM_PA_PR(id_productor,id_pais) VALUES (4,55);
INSERT INTO VAM_PA_PR(id_productor,id_pais) VALUES (4,125);
INSERT INTO VAM_PA_PR(id_productor,id_pais) VALUES (4,169);
INSERT INTO VAM_PA_PR(id_productor,id_pais) VALUES (4,112);
INSERT INTO VAM_PA_PR(id_productor,id_pais) VALUES (4,12);
INSERT INTO VAM_PA_PR(id_productor,id_pais) VALUES (4,196);
INSERT INTO VAM_PA_PR(id_productor,id_pais) VALUES (4,233);
INSERT INTO VAM_PA_PR(id_productor,id_pais) VALUES (4,68);
INSERT INTO VAM_PA_PR(id_productor,id_pais) VALUES (4,242);
INSERT INTO VAM_PA_PR(id_productor,id_pais) VALUES (4,53);
INSERT INTO VAM_PA_PR(id_productor,id_pais) VALUES (4,160);
INSERT INTO VAM_PA_PR(id_productor,id_pais) VALUES (4,31);
INSERT INTO VAM_PA_PR(id_productor,id_pais) VALUES (4,239);
INSERT INTO VAM_PA_PR(id_productor,id_pais) VALUES (4,45);
INSERT INTO VAM_PA_PR(id_productor,id_pais) VALUES (4,234);
INSERT INTO VAM_PA_PR(id_productor,id_pais) VALUES (4,113);
INSERT INTO VAM_PA_PR(id_productor,id_pais) VALUES (4,90);

--PR FE
INSERT INTO VAM_PR_FE(id_productor,id_perfume) VALUES (1,1);
INSERT INTO VAM_PR_FE(id_productor,id_perfume) VALUES (1,2);
INSERT INTO VAM_PR_FE(id_productor,id_perfume) VALUES (1,3);
INSERT INTO VAM_PR_FE(id_productor,id_perfume) VALUES (2,4);
INSERT INTO VAM_PR_FE(id_productor,id_perfume) VALUES (2,5);
INSERT INTO VAM_PR_FE(id_productor,id_perfume) VALUES (2,6);
INSERT INTO VAM_PR_FE(id_productor,id_perfume) VALUES (4,7);
INSERT INTO VAM_PR_FE(id_productor,id_perfume) VALUES (4,8);
INSERT INTO VAM_PR_FE(id_productor,id_perfume) VALUES (4,9);
INSERT INTO VAM_PR_FE(id_productor,id_perfume) VALUES (3,10);
INSERT INTO VAM_PR_FE(id_productor,id_perfume) VALUES (3,11);
INSERT INTO VAM_PR_FE(id_productor,id_perfume) VALUES (3,12);

--RESULT EVAL
INSERT INTO VAM_RESULT_EVAL(fecha,id_prod,id_prov,resultado,tipo_eval) VALUES ('31/01/2015',4,1,80,'i');
INSERT INTO VAM_RESULT_EVAL(fecha,id_prod,id_prov,resultado,tipo_eval) VALUES ('1/1/2016',4,1,85,'r');
INSERT INTO VAM_RESULT_EVAL(fecha,id_prod,id_prov,resultado,tipo_eval) VALUES ('1/12/2016',4,1,85,'r');
INSERT INTO VAM_RESULT_EVAL(fecha,id_prod,id_prov,resultado,tipo_eval) VALUES ('2/04/2017',3,2,60,'i');
INSERT INTO VAM_RESULT_EVAL(fecha,id_prod,id_prov,resultado,tipo_eval) VALUES ('1/09/2017',3,5,60,'i');
INSERT INTO VAM_RESULT_EVAL(fecha,id_prod,id_prov,resultado,tipo_eval) VALUES ('14/02/2018',2,4,65,'i');
INSERT INTO VAM_RESULT_EVAL(fecha,id_prod,id_prov,resultado,tipo_eval) VALUES ('1/3/2018',3,2,70,'r');
INSERT INTO VAM_RESULT_EVAL(fecha,id_prod,id_prov,resultado,tipo_eval) VALUES ('1/8/2018',3,5,70,'r');
INSERT INTO VAM_RESULT_EVAL(fecha,id_prod,id_prov,resultado,tipo_eval) VALUES ('6/01/2019',1,1,70,'i');
INSERT INTO VAM_RESULT_EVAL(fecha,id_prod,id_prov,resultado,tipo_eval) VALUES ('9/1/2019',2,4,75,'r');
INSERT INTO VAM_RESULT_EVAL(fecha,id_prod,id_prov,resultado,tipo_eval) VALUES ('14/1/2019',2,4,75,'r');
INSERT INTO VAM_RESULT_EVAL(fecha,id_prod,id_prov,resultado,tipo_eval) VALUES ('3/04/2019',4,5,80,'i');
INSERT INTO VAM_RESULT_EVAL(fecha,id_prod,id_prov,resultado,tipo_eval) VALUES ('1/12/2019',1,3,70,'i');
INSERT INTO VAM_RESULT_EVAL(fecha,id_prod,id_prov,resultado,tipo_eval) VALUES ('12/12/2019',4,2,80,'i');
INSERT INTO VAM_RESULT_EVAL(fecha,id_prod,id_prov,resultado,tipo_eval) VALUES ('1/1/2020',2,4,75,'r');
INSERT INTO VAM_RESULT_EVAL(fecha,id_prod,id_prov,resultado,tipo_eval) VALUES ('2/01/2020',1,4,70,'i');
INSERT INTO VAM_RESULT_EVAL(fecha,id_prod,id_prov,resultado,tipo_eval) VALUES ('19/01/2020',2,2,80,'i');
INSERT INTO VAM_RESULT_EVAL(fecha,id_prod,id_prov,resultado,tipo_eval) VALUES ('5/3/2020',4,5,85,'r');
INSERT INTO VAM_RESULT_EVAL(fecha,id_prod,id_prov,resultado,tipo_eval) VALUES ('2/09/2020',3,3,60,'i');
INSERT INTO VAM_RESULT_EVAL(fecha,id_prod,id_prov,resultado,tipo_eval) VALUES ('15/12/2019',1,3,80,'r');

--FORMA DE ENVIO
INSERT INTO VAM_FORMA_ENVIOS(id_prov,id_pais,tipo,cargo) VALUES (1,51,'m',10);
INSERT INTO VAM_FORMA_ENVIOS(id_prov,id_pais,tipo,cargo) VALUES (1,14,'a',20);
INSERT INTO VAM_FORMA_ENVIOS(id_prov,id_pais,tipo,cargo) VALUES (1,112,'t',15);
INSERT INTO VAM_FORMA_ENVIOS(id_prov,id_pais,tipo,cargo) VALUES (2,220,'m',12);
INSERT INTO VAM_FORMA_ENVIOS(id_prov,id_pais,tipo,cargo) VALUES (2,243,'t',20);
INSERT INTO VAM_FORMA_ENVIOS(id_prov,id_pais,tipo,cargo) VALUES (2,217,'a',25);
INSERT INTO VAM_FORMA_ENVIOS(id_prov,id_pais,tipo,cargo) VALUES (3,13,'m',25);
INSERT INTO VAM_FORMA_ENVIOS(id_prov,id_pais,tipo,cargo) VALUES (3,207,'a',13);
INSERT INTO VAM_FORMA_ENVIOS(id_prov,id_pais,tipo,cargo) VALUES (4,12,'m',23);
INSERT INTO VAM_FORMA_ENVIOS(id_prov,id_pais,tipo,cargo) VALUES (4,179,'a',18);
INSERT INTO VAM_FORMA_ENVIOS(id_prov,id_pais,tipo,cargo) VALUES (4,106,'a',18);
INSERT INTO VAM_FORMA_ENVIOS(id_prov,id_pais,tipo,cargo) VALUES (5,31,'m',15);
INSERT INTO VAM_FORMA_ENVIOS(id_prov,id_pais,tipo,cargo) VALUES (5,173,'a',8);
INSERT INTO VAM_FORMA_ENVIOS(id_prov,id_pais,tipo,cargo) VALUES (5,87,'t',16);
INSERT INTO VAM_FORMA_ENVIOS(id_prov,id_pais,tipo,cargo) VALUES (5,143,'a',8);

--FORMA DE PAGO
INSERT INTO VAM_FORMA_PAGOS(id_proveedor,tipo,porc_inicial,nro_cuotas,interes_mensual,nro_dia_entre_pago) VALUES (1,'cont',NULL,NULL,NULL,NULL);
INSERT INTO VAM_FORMA_PAGOS(id_proveedor,tipo,porc_inicial,nro_cuotas,interes_mensual,nro_dia_entre_pago) VALUES (1,'cred',50,6,5,30);
INSERT INTO VAM_FORMA_PAGOS(id_proveedor,tipo,porc_inicial,nro_cuotas,interes_mensual,nro_dia_entre_pago) VALUES (2,'cont',NULL,NULL,NULL,NULL);
INSERT INTO VAM_FORMA_PAGOS(id_proveedor,tipo,porc_inicial,nro_cuotas,interes_mensual,nro_dia_entre_pago) VALUES (2,'cred',35,10,7,15);
INSERT INTO VAM_FORMA_PAGOS(id_proveedor,tipo,porc_inicial,nro_cuotas,interes_mensual,nro_dia_entre_pago) VALUES (3,'cont',NULL,NULL,NULL,NULL);
INSERT INTO VAM_FORMA_PAGOS(id_proveedor,tipo,porc_inicial,nro_cuotas,interes_mensual,nro_dia_entre_pago) VALUES (3,'cred',20,12,10,15);
INSERT INTO VAM_FORMA_PAGOS(id_proveedor,tipo,porc_inicial,nro_cuotas,interes_mensual,nro_dia_entre_pago) VALUES (4,'cont',NULL,NULL,NULL,NULL);
INSERT INTO VAM_FORMA_PAGOS(id_proveedor,tipo,porc_inicial,nro_cuotas,interes_mensual,nro_dia_entre_pago) VALUES (4,'cred',40,5,2,20);
INSERT INTO VAM_FORMA_PAGOS(id_proveedor,tipo,porc_inicial,nro_cuotas,interes_mensual,nro_dia_entre_pago) VALUES (5,'cont',NULL,NULL,NULL,NULL);
INSERT INTO VAM_FORMA_PAGOS(id_proveedor,tipo,porc_inicial,nro_cuotas,interes_mensual,nro_dia_entre_pago) VALUES (5,'cred',60,12,8,20);

--HIST_IFRA ?FECHA FORMATO
INSERT INTO VAM_HISTORICO_IFRA(fecha_inicio,id_proveedor,id_productor,fecha_fin) VALUES ('1/1/2008',NULL,1,'25/08/2012');
INSERT INTO VAM_HISTORICO_IFRA(fecha_inicio,id_proveedor,id_productor,fecha_fin) VALUES ('15/5/2013',NULL,1,NULL);
INSERT INTO VAM_HISTORICO_IFRA(fecha_inicio,id_proveedor,id_productor,fecha_fin) VALUES ('1/2/2016',NULL,2,NULL);
INSERT INTO VAM_HISTORICO_IFRA(fecha_inicio,id_proveedor,id_productor,fecha_fin) VALUES ('20/6/2013',NULL,3,NULL);
INSERT INTO VAM_HISTORICO_IFRA(fecha_inicio,id_proveedor,id_productor,fecha_fin) VALUES ('1/8/2018',NULL,4,NULL);
INSERT INTO VAM_HISTORICO_IFRA(fecha_inicio,id_proveedor,id_productor,fecha_fin) VALUES ('5/11/2017',1,NULL,NULL);
INSERT INTO VAM_HISTORICO_IFRA(fecha_inicio,id_proveedor,id_productor,fecha_fin) VALUES ('1/12/2012',2,NULL,NULL);
INSERT INTO VAM_HISTORICO_IFRA(fecha_inicio,id_proveedor,id_productor,fecha_fin) VALUES ('15/9/2014',3,NULL,NULL);
INSERT INTO VAM_HISTORICO_IFRA(fecha_inicio,id_proveedor,id_productor,fecha_fin) VALUES ('26/4/2002',4,NULL,NULL);
INSERT INTO VAM_HISTORICO_IFRA(fecha_inicio,id_proveedor,id_productor,fecha_fin) VALUES ('08/07/2002',5,NULL,NULL);


--PEDIDOS
INSERT INTO VAM_PEDIDOS(f_emision,estado,id_prov,id_prod,total_usd,subtotal_usd,f_confirmacion,motivo_cancel,nro_factura) VALUES ('10-01-2019','a',1,1,'1485','1485','11-01-2019',NULL,10101);
INSERT INTO VAM_PEDIDOS(f_emision,estado,id_prov,id_prod,total_usd,subtotal_usd,f_confirmacion,motivo_cancel,nro_factura) VALUES ('19/03/2020','p',2,2,'2240','2240',NULL,NULL,NULL);
INSERT INTO VAM_PEDIDOS(f_emision,estado,id_prov,id_prod,total_usd,subtotal_usd,f_confirmacion,motivo_cancel,nro_factura) VALUES ('1-1-2020','anpv',3,1,'18645','18645',NULL,'Falta de transporte para este mes',NULL);
INSERT INTO VAM_PEDIDOS(f_emision,estado,id_prov,id_prod,total_usd,subtotal_usd,f_confirmacion,motivo_cancel,nro_factura) VALUES ('04-07-2020','anpd',3,3,'1842.64','1706.25',NULL,'Inconvenientes debido al Covid-19',NULL);
INSERT INTO VAM_PEDIDOS(f_emision,estado,id_prov,id_prod,total_usd,subtotal_usd,f_confirmacion,motivo_cancel,nro_factura) VALUES ('02-03-2020','a',4,1,'17487.6','17487.6','02-04-2020',NULL,2984);
INSERT INTO VAM_PEDIDOS(f_emision,estado,id_prov,id_prod,total_usd,subtotal_usd,f_confirmacion,motivo_cancel,nro_factura) VALUES ('24/02/2018','p',4,2,'5899.16','5829.2',NULL,NULL,NULL);
INSERT INTO VAM_PEDIDOS(f_emision,estado,id_prov,id_prod,total_usd,subtotal_usd,f_confirmacion,motivo_cancel,nro_factura) VALUES ('15-09-2019','a',5,4,'21275','21275',NULL,NULL,5263);
INSERT INTO VAM_PEDIDOS(f_emision,estado,id_prov,id_prod,total_usd,subtotal_usd,f_confirmacion,motivo_cancel,nro_factura) VALUES ('01/11/2017','anpd',5,3,'8024.78','7776',NULL,'Inconvenientes debido al Covid-19',NULL);
INSERT INTO VAM_PEDIDOS(f_emision,estado,id_prov,id_prod,total_usd,subtotal_usd,f_confirmacion,motivo_cancel,nro_factura) VALUES ('12-2-2020','a',2,4,'4704.75','4500','15-12-2020',NULL,43687);

--PAGOS
INSERT INTO VAM_PAGOS(id_pedido,fecha,monto) VALUES (1,'11-01-2019','1485');
INSERT INTO VAM_PAGOS(id_pedido,fecha,monto) VALUES (5,'02-04-2020','17487.6');
INSERT INTO VAM_PAGOS(id_pedido,fecha,monto) VALUES (9,'15-12-2020','1575');
INSERT INTO VAM_PAGOS(id_pedido,fecha,monto) VALUES (9,'30-12-2020','347.75');
INSERT INTO VAM_PAGOS(id_pedido,fecha,monto) VALUES (9,'14-01-2021','347.75');
INSERT INTO VAM_PAGOS(id_pedido,fecha,monto) VALUES (9,'29-01-2021','347.75');
INSERT INTO VAM_PAGOS(id_pedido,fecha,monto) VALUES (9,'13-01-2021','347.75');
INSERT INTO VAM_PAGOS(id_pedido,fecha,monto) VALUES (9,'28-02-2021','347.75');
INSERT INTO VAM_PAGOS(id_pedido,fecha,monto) VALUES (9,'15-03-2021','347.75');
INSERT INTO VAM_PAGOS(id_pedido,fecha,monto) VALUES (9,'30-03-2021','347.75');
INSERT INTO VAM_PAGOS(id_pedido,fecha,monto) VALUES (9,'14-04-2021','347.75');
INSERT INTO VAM_PAGOS(id_pedido,fecha,monto) VALUES (9,'29-04-2021','347.75');
INSERT INTO VAM_PAGOS(id_pedido,fecha,monto) VALUES (7,'15-09-2019','21275');

--ING_ESENCIA
INSERT INTO VAM_INGREDIENTE_ESENCIAS(cas,id_proveedor,nombre,tipo,descripcion,taxonomia,punto_ebul,punto_inflam,proc_extrac,descrip_proceso) VALUES (8007805,1,'Cassia Oil','n','El aceite de casia se destila al vapor de las hojas de Cinnamomum Cassia, grandes árboles delgados que crecen en las partes del sudeste de China y Birmania y se conoce comúnmente como canela china','Cinnamomum cassia',194,199,'d','se aplica destilación a la temperatura indicada para alcanzar el punto de ebullición, así se obtienen las gotas');
INSERT INTO VAM_INGREDIENTE_ESENCIAS(cas,id_proveedor,nombre,tipo,descripcion,taxonomia,punto_ebul,punto_inflam,proc_extrac,descrip_proceso) VALUES (8015734,1,'Basil Oil Methyl Chavicol','n','El aceite de albahaca se destila del botánico Ocimum basilicum L. La planta generalmente se cultiva y cosecha por sus hojas, que son populares en todo el mundo en muchos platos de comida','Ocimum basilicum L',216,156,'d','se aplica destilación a la temperatura indicada para alcanzar el punto de ebullición, así se obtienen las gotas');
INSERT INTO VAM_INGREDIENTE_ESENCIAS(cas,id_proveedor,nombre,tipo,descripcion,taxonomia,punto_ebul,punto_inflam,proc_extrac,descrip_proceso) VALUES (8016635,1,'Clary Sage Oil','n','Obtenido de los tallos en flor de Salvia sclarea L. Clary Sage es una hierba bienal o perenne que crece hasta 40 cm de altura, mucho más pequeña que la misma especie que crece en Francia y Rusia','Salvia sclarea',187,NULL,'d','se aplica destilación a la temperatura indicada para alcanzar el punto de ebullición, así se obtienen las gotas');
INSERT INTO VAM_INGREDIENTE_ESENCIAS(cas,id_proveedor,nombre,tipo,descripcion,taxonomia,punto_ebul,punto_inflam,proc_extrac,descrip_proceso) VALUES (586629,2,'Terpinolene-40','q','Es un químico con  una fragancia dulce, fresca, cítrica de pino con un viejo matiz de cáscara de limón.','Mezcla de 1-metil-4-propan-2-ilideneciclohexeno y terpenos',184,61,NULL,NULL);
INSERT INTO VAM_INGREDIENTE_ESENCIAS(cas,id_proveedor,nombre,tipo,descripcion,taxonomia,punto_ebul,punto_inflam,proc_extrac,descrip_proceso) VALUES (4707475,2,'Prionyl','q','Es un químico en el que prevalecen los olores de musgo de roble, leñoso, fenólico y terroso','2,4-dihidroxi-3,6-dimetilbenzoato de metilo',NULL,100,NULL,NULL);
INSERT INTO VAM_INGREDIENTE_ESENCIAS(cas,id_proveedor,nombre,tipo,descripcion,taxonomia,punto_ebul,punto_inflam,proc_extrac,descrip_proceso) VALUES (106229,2,'Citronellol 85%','q','Es un químico que representa olores como floral, cítrico y una nota ligeramente cerosa','3,7-dimetil-6-octen-1-ol',166,98,NULL,NULL);
INSERT INTO VAM_INGREDIENTE_ESENCIAS(cas,id_proveedor,nombre,tipo,descripcion,taxonomia,punto_ebul,punto_inflam,proc_extrac,descrip_proceso) VALUES (78605966,3,'Aldehído Cinámico Amilo','q','Un líquido amarillo claro con un olor floral, ligeramente graso que recuerda al jazmín cuando se diluye. Una opción popular para crear notas de jazmín que requieren una cierta inflexión grasa','Alfa trans-n-amilcinamaldehído',NULL,NULL,NULL,NULL);
INSERT INTO VAM_INGREDIENTE_ESENCIAS(cas,id_proveedor,nombre,tipo,descripcion,taxonomia,punto_ebul,punto_inflam,proc_extrac,descrip_proceso) VALUES (140114,3,'Acetato de Benzilo','q','Como componente principal en los aceites de jazmín y gardenia, el acetato de bencilo ocupa una posición destacada en la industria de sabores y fragancias','Éster bencílico del ácido acético',NULL,NULL,NULL,NULL);
INSERT INTO VAM_INGREDIENTE_ESENCIAS(cas,id_proveedor,nombre,tipo,descripcion,taxonomia,punto_ebul,punto_inflam,proc_extrac,descrip_proceso) VALUES (142927,3,'Acetato de Hexilo','q','Un éster con un olor dulce, afrutado, a bayas y a pera. Uno de los ésteres de hexilo más populares, se usa en composiciones de sabor para una variedad de tonos de bayas y frutas','Éster hexil de ácido acético',338,56,NULL,NULL);
INSERT INTO VAM_INGREDIENTE_ESENCIAS(cas,id_proveedor,nombre,tipo,descripcion,taxonomia,punto_ebul,punto_inflam,proc_extrac,descrip_proceso) VALUES (110383,4,'Decanoato de etilo','q','También conocido como caprato de etilo, es un éster de ácido graso formado a partir de ácido cáprico y etanol','C12 H24O2',245,102,NULL,NULL);
INSERT INTO VAM_INGREDIENTE_ESENCIAS(cas,id_proveedor,nombre,tipo,descripcion,taxonomia,punto_ebul,punto_inflam,proc_extrac,descrip_proceso) VALUES (8015956,4,'Cinnamon','q','Aceite de esencia de hojas de safrol reducido','Cinamaldehído',249,160,NULL,NULL);
INSERT INTO VAM_INGREDIENTE_ESENCIAS(cas,id_proveedor,nombre,tipo,descripcion,taxonomia,punto_ebul,punto_inflam,proc_extrac,descrip_proceso) VALUES (8007010,4,'Aceite Rosa centifolia','n','también denominada rosa de Provenza o rosa repollo o rosa de mayo es un híbrido de rosa conseguido en el siglo XVII','Rosa X Centifolia',176,NULL,'d','método de extracción de aceites esenciales en el cual el material esta sumergido en agua en ebullición, la característica principal de este proceso es el contacto directo del agua y el material del cual se extraerá el aceite esencial.');
INSERT INTO VAM_INGREDIENTE_ESENCIAS(cas,id_proveedor,nombre,tipo,descripcion,taxonomia,punto_ebul,punto_inflam,proc_extrac,descrip_proceso) VALUES (656531,5,'Acetato de sulfurilo','q','Líquido con aromas de nuez, aroma de frijol, aroma de leche, aroma de carne. Se puede observar que posee un color amarillo claro traslúcido','Acetato de 4-metil-5-tiazoliletilo',259,80,NULL,NULL);
INSERT INTO VAM_INGREDIENTE_ESENCIAS(cas,id_proveedor,nombre,tipo,descripcion,taxonomia,punto_ebul,punto_inflam,proc_extrac,descrip_proceso) VALUES (29957435,5,'Hotrienol','q','Amaderado floral fresco','3,7-dimetil-1,5,7-octatrien-3-ol',228,89,NULL,NULL);
INSERT INTO VAM_INGREDIENTE_ESENCIAS(cas,id_proveedor,nombre,tipo,descripcion,taxonomia,punto_ebul,punto_inflam,proc_extrac,descrip_proceso) VALUES (134203,5,'Antranilato de metilo','q','Amina que se suele utilizar como ingrediente recto en la combinación con aldehídos y cetonas. Líquido fluido transparente/sólido. Color de incoloro a amarillo pálido','C8 H9 N O2',256,NULL,NULL,NULL);

--ING_PRESENTACION
INSERT INTO VAM_ING_PRESENTACIONES(cas_ingrediente,id_proveedor,volumen,precio) VALUES (8007805,1,50,23);
INSERT INTO VAM_ING_PRESENTACIONES(cas_ingrediente,id_proveedor,volumen,precio) VALUES (8007805,1,100,40);
INSERT INTO VAM_ING_PRESENTACIONES(cas_ingrediente,id_proveedor,volumen,precio) VALUES (8015734,1,1000,215);
INSERT INTO VAM_ING_PRESENTACIONES(cas_ingrediente,id_proveedor,volumen,precio) VALUES (8016635,1,10,10);
INSERT INTO VAM_ING_PRESENTACIONES(cas_ingrediente,id_proveedor,volumen,precio) VALUES (586629,2,5000,20);
INSERT INTO VAM_ING_PRESENTACIONES(cas_ingrediente,id_proveedor,volumen,precio) VALUES (586629,2,170000,600);
INSERT INTO VAM_ING_PRESENTACIONES(cas_ingrediente,id_proveedor,volumen,precio) VALUES (586629,2,900000,3000);
INSERT INTO VAM_ING_PRESENTACIONES(cas_ingrediente,id_proveedor,volumen,precio) VALUES (4707475,2,15000,53);
INSERT INTO VAM_ING_PRESENTACIONES(cas_ingrediente,id_proveedor,volumen,precio) VALUES (106229,2,180000,540);
INSERT INTO VAM_ING_PRESENTACIONES(cas_ingrediente,id_proveedor,volumen,precio) VALUES (106229,2,5000,17);
INSERT INTO VAM_ING_PRESENTACIONES(cas_ingrediente,id_proveedor,volumen,precio) VALUES (78605966,3,100,55);
INSERT INTO VAM_ING_PRESENTACIONES(cas_ingrediente,id_proveedor,volumen,precio) VALUES (140114,3,100,3);
INSERT INTO VAM_ING_PRESENTACIONES(cas_ingrediente,id_proveedor,volumen,precio) VALUES (140114,3,10000,2500);
INSERT INTO VAM_ING_PRESENTACIONES(cas_ingrediente,id_proveedor,volumen,precio) VALUES (142927,3,20,13);
INSERT INTO VAM_ING_PRESENTACIONES(cas_ingrediente,id_proveedor,volumen,precio) VALUES (110383,4,1,52);
INSERT INTO VAM_ING_PRESENTACIONES(cas_ingrediente,id_proveedor,volumen,precio) VALUES (110383,4,5,233);
INSERT INTO VAM_ING_PRESENTACIONES(cas_ingrediente,id_proveedor,volumen,precio) VALUES (8015956,4,1000,114);
INSERT INTO VAM_ING_PRESENTACIONES(cas_ingrediente,id_proveedor,volumen,precio) VALUES (8015956,4,5000,564);
INSERT INTO VAM_ING_PRESENTACIONES(cas_ingrediente,id_proveedor,volumen,precio) VALUES (8007010,4,1000,9);
INSERT INTO VAM_ING_PRESENTACIONES(cas_ingrediente,id_proveedor,volumen,precio) VALUES (8007010,4,5000,42);
INSERT INTO VAM_ING_PRESENTACIONES(cas_ingrediente,id_proveedor,volumen,precio) VALUES (8007010,4,25000,160);
INSERT INTO VAM_ING_PRESENTACIONES(cas_ingrediente,id_proveedor,volumen,precio) VALUES (656531,5,100,103);
INSERT INTO VAM_ING_PRESENTACIONES(cas_ingrediente,id_proveedor,volumen,precio) VALUES (656531,5,1000,357);
INSERT INTO VAM_ING_PRESENTACIONES(cas_ingrediente,id_proveedor,volumen,precio) VALUES (29957435,5,100,148);
INSERT INTO VAM_ING_PRESENTACIONES(cas_ingrediente,id_proveedor,volumen,precio) VALUES (134203,5,250,24);
INSERT INTO VAM_ING_PRESENTACIONES(cas_ingrediente,id_proveedor,volumen,precio) VALUES (134203,5,1000,79);

--CONTRATOS
INSERT INTO VAM_CONTRATOS(id_prov,id_prod,fecha_emision,exclusividad,clausula,fecha_cancelacion,motivo_cancel,quien_cancela) VALUES (1,1,'6/01/2019',TRUE,NULL,NULL,NULL,NULL);
INSERT INTO VAM_CONTRATOS(id_prov,id_prod,fecha_emision,exclusividad,clausula,fecha_cancelacion,motivo_cancel,quien_cancela) VALUES (2,2,'19/01/2020',FALSE,NULL,NULL,NULL,NULL);
INSERT INTO VAM_CONTRATOS(id_prov,id_prod,fecha_emision,exclusividad,clausula,fecha_cancelacion,motivo_cancel,quien_cancela) VALUES (3,1,'1/12/2019',FALSE,'Contrato formado por ambas partes de las empresas, en la que se acuerda vender sin exclusividad',NULL,NULL,NULL);
INSERT INTO VAM_CONTRATOS(id_prov,id_prod,fecha_emision,exclusividad,clausula,fecha_cancelacion,motivo_cancel,quien_cancela) VALUES (3,3,'2/07/2020',TRUE,NULL,NULL,NULL,NULL);
INSERT INTO VAM_CONTRATOS(id_prov,id_prod,fecha_emision,exclusividad,clausula,fecha_cancelacion,motivo_cancel,quien_cancela) VALUES (4,1,'2/01/2020',FALSE,'Contrato acordado entre las empresas Firmenich y Mane, con fines comerciales de distribución de esencias','18/05/2020','Desacuerdo en la forma de envío, pues llegaban con retraso los pedidos','prod');
INSERT INTO VAM_CONTRATOS(id_prov,id_prod,fecha_emision,exclusividad,clausula,fecha_cancelacion,motivo_cancel,quien_cancela) VALUES (4,2,'14/02/2018',FALSE,NULL,NULL,NULL,NULL);
INSERT INTO VAM_CONTRATOS(id_prov,id_prod,fecha_emision,exclusividad,clausula,fecha_cancelacion,motivo_cancel,quien_cancela) VALUES (5,4,'23/08/2019',FALSE,NULL,NULL,NULL,NULL);
INSERT INTO VAM_CONTRATOS(id_prov,id_prod,fecha_emision,exclusividad,clausula,fecha_cancelacion,motivo_cancel,quien_cancela) VALUES (5,3,'1/09/2017',TRUE,'Contrato formado por ambas partes de las empresas, en la que se acuerda vender con exclusividad',NULL,NULL,NULL);
INSERT INTO VAM_CONTRATOS(id_prov,id_prod,fecha_emision,exclusividad,clausula,fecha_cancelacion,motivo_cancel,quien_cancela) VALUES (2,4,'12/12/2019',TRUE,NULL,'16-07-2020','Inconvenientes en con tinuar las ventas debido al covid-19','prov');
INSERT INTO VAM_CONTRATOS(id_prov,id_prod,fecha_emision,exclusividad,clausula,fecha_cancelacion,motivo_cancel,quien_cancela) VALUES (1,4,'31/01/2015',FALSE,NULL,NULL,NULL,NULL);
INSERT INTO VAM_CONTRATOS(id_prov,id_prod,fecha_emision,exclusividad,clausula,fecha_cancelacion,motivo_cancel,quien_cancela) VALUES (2,3,'2/04/2017',FALSE,NULL,NULL,NULL,NULL);

--MP_C
INSERT INTO VAM_MP_C(id_contrato,id_cont_prov,id_cont_prod,cas,id_prov_ing) VALUES (1,1,1,8007805,1);
INSERT INTO VAM_MP_C(id_contrato,id_cont_prov,id_cont_prod,cas,id_prov_ing) VALUES (1,1,1,8016635,1);
INSERT INTO VAM_MP_C(id_contrato,id_cont_prov,id_cont_prod,cas,id_prov_ing) VALUES (2,2,2,4707475,2);
INSERT INTO VAM_MP_C(id_contrato,id_cont_prov,id_cont_prod,cas,id_prov_ing) VALUES (3,3,1,78605966,3);
INSERT INTO VAM_MP_C(id_contrato,id_cont_prov,id_cont_prod,cas,id_prov_ing) VALUES (3,3,1,140114,3);
INSERT INTO VAM_MP_C(id_contrato,id_cont_prov,id_cont_prod,cas,id_prov_ing) VALUES (4,3,3,142927,3);
INSERT INTO VAM_MP_C(id_contrato,id_cont_prov,id_cont_prod,cas,id_prov_ing) VALUES (5,4,1,8015956,4);
INSERT INTO VAM_MP_C(id_contrato,id_cont_prov,id_cont_prod,cas,id_prov_ing) VALUES (6,4,2,110383,4);
INSERT INTO VAM_MP_C(id_contrato,id_cont_prov,id_cont_prod,cas,id_prov_ing) VALUES (6,4,2,8015956,4);
INSERT INTO VAM_MP_C(id_contrato,id_cont_prov,id_cont_prod,cas,id_prov_ing) VALUES (6,4,2,8007010,4);
INSERT INTO VAM_MP_C(id_contrato,id_cont_prov,id_cont_prod,cas,id_prov_ing) VALUES (7,5,4,656531,5);
INSERT INTO VAM_MP_C(id_contrato,id_cont_prov,id_cont_prod,cas,id_prov_ing) VALUES (7,5,4,29957435,5);
INSERT INTO VAM_MP_C(id_contrato,id_cont_prov,id_cont_prod,cas,id_prov_ing) VALUES (8,5,3,134203,5);
INSERT INTO VAM_MP_C(id_contrato,id_cont_prov,id_cont_prod,cas,id_prov_ing) VALUES (9,2,4,586629,2);
INSERT INTO VAM_MP_C(id_contrato,id_cont_prov,id_cont_prod,cas,id_prov_ing) VALUES (9,2,4,106229,2);
INSERT INTO VAM_MP_C(id_contrato,id_cont_prov,id_cont_prod,cas,id_prov_ing) VALUES (10,1,4,8016635,1);
INSERT INTO VAM_MP_C(id_contrato,id_cont_prov,id_cont_prod,cas,id_prov_ing) VALUES (11,2,3,4707475,2);

--FE_FP_C
INSERT INTO VAM_FE_FP_C(id_contrato,id_prov_cont,id_prod_cont,id_form_pago,id_prov_fp,id_form_envio,id_prov_fe,id_form_envio_pais) VALUES (1,1,1,1,1,NULL,NULL,NULL);
INSERT INTO VAM_FE_FP_C(id_contrato,id_prov_cont,id_prod_cont,id_form_pago,id_prov_fp,id_form_envio,id_prov_fe,id_form_envio_pais) VALUES (1,1,1,NULL,NULL,1,1,51);
INSERT INTO VAM_FE_FP_C(id_contrato,id_prov_cont,id_prod_cont,id_form_pago,id_prov_fp,id_form_envio,id_prov_fe,id_form_envio_pais) VALUES (2,2,2,3,2,NULL,NULL,NULL);
INSERT INTO VAM_FE_FP_C(id_contrato,id_prov_cont,id_prod_cont,id_form_pago,id_prov_fp,id_form_envio,id_prov_fe,id_form_envio_pais) VALUES (2,2,2,NULL,NULL,4,2,220);
INSERT INTO VAM_FE_FP_C(id_contrato,id_prov_cont,id_prod_cont,id_form_pago,id_prov_fp,id_form_envio,id_prov_fe,id_form_envio_pais) VALUES (2,2,2,NULL,NULL,5,2,243);
INSERT INTO VAM_FE_FP_C(id_contrato,id_prov_cont,id_prod_cont,id_form_pago,id_prov_fp,id_form_envio,id_prov_fe,id_form_envio_pais) VALUES (3,3,1,5,3,NULL,NULL,NULL);
INSERT INTO VAM_FE_FP_C(id_contrato,id_prov_cont,id_prod_cont,id_form_pago,id_prov_fp,id_form_envio,id_prov_fe,id_form_envio_pais) VALUES (3,3,1,NULL,NULL,8,3,207);
INSERT INTO VAM_FE_FP_C(id_contrato,id_prov_cont,id_prod_cont,id_form_pago,id_prov_fp,id_form_envio,id_prov_fe,id_form_envio_pais) VALUES (4,3,3,6,3,NULL,NULL,NULL);
INSERT INTO VAM_FE_FP_C(id_contrato,id_prov_cont,id_prod_cont,id_form_pago,id_prov_fp,id_form_envio,id_prov_fe,id_form_envio_pais) VALUES (4,3,3,NULL,NULL,7,3,13);
INSERT INTO VAM_FE_FP_C(id_contrato,id_prov_cont,id_prod_cont,id_form_pago,id_prov_fp,id_form_envio,id_prov_fe,id_form_envio_pais) VALUES (5,4,1,7,4,NULL,NULL,NULL);
INSERT INTO VAM_FE_FP_C(id_contrato,id_prov_cont,id_prod_cont,id_form_pago,id_prov_fp,id_form_envio,id_prov_fe,id_form_envio_pais) VALUES (5,4,1,NULL,NULL,11,4,106);
INSERT INTO VAM_FE_FP_C(id_contrato,id_prov_cont,id_prod_cont,id_form_pago,id_prov_fp,id_form_envio,id_prov_fe,id_form_envio_pais) VALUES (6,4,2,7,4,NULL,NULL,NULL);
INSERT INTO VAM_FE_FP_C(id_contrato,id_prov_cont,id_prod_cont,id_form_pago,id_prov_fp,id_form_envio,id_prov_fe,id_form_envio_pais) VALUES (6,4,2,8,4,NULL,NULL,NULL);
INSERT INTO VAM_FE_FP_C(id_contrato,id_prov_cont,id_prod_cont,id_form_pago,id_prov_fp,id_form_envio,id_prov_fe,id_form_envio_pais) VALUES (6,4,2,NULL,NULL,10,4,179);
INSERT INTO VAM_FE_FP_C(id_contrato,id_prov_cont,id_prod_cont,id_form_pago,id_prov_fp,id_form_envio,id_prov_fe,id_form_envio_pais) VALUES (7,5,4,9,5,NULL,NULL,NULL);
INSERT INTO VAM_FE_FP_C(id_contrato,id_prov_cont,id_prod_cont,id_form_pago,id_prov_fp,id_form_envio,id_prov_fe,id_form_envio_pais) VALUES (7,5,4,NULL,NULL,12,5,31);
INSERT INTO VAM_FE_FP_C(id_contrato,id_prov_cont,id_prod_cont,id_form_pago,id_prov_fp,id_form_envio,id_prov_fe,id_form_envio_pais) VALUES (8,5,3,10,5,NULL,NULL,NULL);
INSERT INTO VAM_FE_FP_C(id_contrato,id_prov_cont,id_prod_cont,id_form_pago,id_prov_fp,id_form_envio,id_prov_fe,id_form_envio_pais) VALUES (8,5,3,NULL,NULL,15,5,143);
INSERT INTO VAM_FE_FP_C(id_contrato,id_prov_cont,id_prod_cont,id_form_pago,id_prov_fp,id_form_envio,id_prov_fe,id_form_envio_pais) VALUES (9,2,4,3,2,NULL,NULL,NULL);
INSERT INTO VAM_FE_FP_C(id_contrato,id_prov_cont,id_prod_cont,id_form_pago,id_prov_fp,id_form_envio,id_prov_fe,id_form_envio_pais) VALUES (9,2,4,4,2,NULL,NULL,NULL);
INSERT INTO VAM_FE_FP_C(id_contrato,id_prov_cont,id_prod_cont,id_form_pago,id_prov_fp,id_form_envio,id_prov_fe,id_form_envio_pais) VALUES (9,2,4,NULL,NULL,4,2,220);
INSERT INTO VAM_FE_FP_C(id_contrato,id_prov_cont,id_prod_cont,id_form_pago,id_prov_fp,id_form_envio,id_prov_fe,id_form_envio_pais) VALUES (10,1,4,1,1,NULL,NULL,NULL);
INSERT INTO VAM_FE_FP_C(id_contrato,id_prov_cont,id_prod_cont,id_form_pago,id_prov_fp,id_form_envio,id_prov_fe,id_form_envio_pais) VALUES (10,1,4,2,1,NULL,NULL,NULL);
INSERT INTO VAM_FE_FP_C(id_contrato,id_prov_cont,id_prod_cont,id_form_pago,id_prov_fp,id_form_envio,id_prov_fe,id_form_envio_pais) VALUES (10,1,4,NULL,NULL,1,1,51);
INSERT INTO VAM_FE_FP_C(id_contrato,id_prov_cont,id_prod_cont,id_form_pago,id_prov_fp,id_form_envio,id_prov_fe,id_form_envio_pais) VALUES (10,1,4,NULL,NULL,2,1,14);
INSERT INTO VAM_FE_FP_C(id_contrato,id_prov_cont,id_prod_cont,id_form_pago,id_prov_fp,id_form_envio,id_prov_fe,id_form_envio_pais) VALUES (11,2,3,3,2,NULL,NULL,NULL);
INSERT INTO VAM_FE_FP_C(id_contrato,id_prov_cont,id_prod_cont,id_form_pago,id_prov_fp,id_form_envio,id_prov_fe,id_form_envio_pais) VALUES (11,2,3,4,2,NULL,NULL,NULL);
INSERT INTO VAM_FE_FP_C(id_contrato,id_prov_cont,id_prod_cont,id_form_pago,id_prov_fp,id_form_envio,id_prov_fe,id_form_envio_pais) VALUES (11,2,3,NULL,NULL,6,2,217);

-- COND PEDIDO
INSERT INTO VAM_COND_PEDIDO(id_pedido,id_cond,id_contrato,id_cont_prov,id_cont_prod) VALUES (1,1,1,1,1);
INSERT INTO VAM_COND_PEDIDO(id_pedido,id_cond,id_contrato,id_cont_prov,id_cont_prod) VALUES (1,2,1,1,1);
INSERT INTO VAM_COND_PEDIDO(id_pedido,id_cond,id_contrato,id_cont_prov,id_cont_prod) VALUES (2,3,2,2,2);
INSERT INTO VAM_COND_PEDIDO(id_pedido,id_cond,id_contrato,id_cont_prov,id_cont_prod) VALUES (2,4,2,2,2);
INSERT INTO VAM_COND_PEDIDO(id_pedido,id_cond,id_contrato,id_cont_prov,id_cont_prod) VALUES (3,6,3,3,1);
INSERT INTO VAM_COND_PEDIDO(id_pedido,id_cond,id_contrato,id_cont_prov,id_cont_prod) VALUES (3,7,3,3,1);
INSERT INTO VAM_COND_PEDIDO(id_pedido,id_cond,id_contrato,id_cont_prov,id_cont_prod) VALUES (4,8,4,3,3);
INSERT INTO VAM_COND_PEDIDO(id_pedido,id_cond,id_contrato,id_cont_prov,id_cont_prod) VALUES (4,9,4,3,3);
INSERT INTO VAM_COND_PEDIDO(id_pedido,id_cond,id_contrato,id_cont_prov,id_cont_prod) VALUES (5,10,5,4,1);
INSERT INTO VAM_COND_PEDIDO(id_pedido,id_cond,id_contrato,id_cont_prov,id_cont_prod) VALUES (5,11,5,4,1);
INSERT INTO VAM_COND_PEDIDO(id_pedido,id_cond,id_contrato,id_cont_prov,id_cont_prod) VALUES (6,12,6,4,2);
INSERT INTO VAM_COND_PEDIDO(id_pedido,id_cond,id_contrato,id_cont_prov,id_cont_prod) VALUES (6,14,6,4,2);
INSERT INTO VAM_COND_PEDIDO(id_pedido,id_cond,id_contrato,id_cont_prov,id_cont_prod) VALUES (7,15,7,5,4);
INSERT INTO VAM_COND_PEDIDO(id_pedido,id_cond,id_contrato,id_cont_prov,id_cont_prod) VALUES (7,16,7,5,4);
INSERT INTO VAM_COND_PEDIDO(id_pedido,id_cond,id_contrato,id_cont_prov,id_cont_prod) VALUES (8,17,8,5,3);
INSERT INTO VAM_COND_PEDIDO(id_pedido,id_cond,id_contrato,id_cont_prov,id_cont_prod) VALUES (8,18,8,5,3);
INSERT INTO VAM_COND_PEDIDO(id_pedido,id_cond,id_contrato,id_cont_prov,id_cont_prod) VALUES (9,20,9,2,4);
INSERT INTO VAM_COND_PEDIDO(id_pedido,id_cond,id_contrato,id_cont_prov,id_cont_prod) VALUES (9,21,9,2,4);

--RENOVACIONES
INSERT INTO VAM_RENOVACIONES(id_contrato,id_cont_prov,id_cont_prod,fecha) VALUES (3,3,1,'15/12/2019');
INSERT INTO VAM_RENOVACIONES(id_contrato,id_cont_prov,id_cont_prod,fecha) VALUES (6,4,2,'14/1/2019');
INSERT INTO VAM_RENOVACIONES(id_contrato,id_cont_prov,id_cont_prod,fecha) VALUES (6,4,2,'1/1/2020');
INSERT INTO VAM_RENOVACIONES(id_contrato,id_cont_prov,id_cont_prod,fecha) VALUES (8,5,3,'1/8/2018');
INSERT INTO VAM_RENOVACIONES(id_contrato,id_cont_prov,id_cont_prod,fecha) VALUES (6,4,2,'9/1/2019');
INSERT INTO VAM_RENOVACIONES(id_contrato,id_cont_prov,id_cont_prod,fecha) VALUES (10,1,4,'1/1/2016');
INSERT INTO VAM_RENOVACIONES(id_contrato,id_cont_prov,id_cont_prod,fecha) VALUES (10,1,4,'1/12/2016');
INSERT INTO VAM_RENOVACIONES(id_contrato,id_cont_prov,id_cont_prod,fecha) VALUES (11,2,3,'1/3/2018');


--EVAL_CRITERIOS
INSERT INTO VAM_EVAL_CRITERIOS(fecha_inicio,id_prod,id_var_crit,peso,tipo_formula,fecha_fin) VALUES ('10/01/2015',4,1,45,'i',NULL);
INSERT INTO VAM_EVAL_CRITERIOS(fecha_inicio,id_prod,id_var_crit,peso,tipo_formula,fecha_fin) VALUES ('10/01/2015',4,2,25,'i',NULL);
INSERT INTO VAM_EVAL_CRITERIOS(fecha_inicio,id_prod,id_var_crit,peso,tipo_formula,fecha_fin) VALUES ('10/01/2015',4,3,30,'i',NULL);
INSERT INTO VAM_EVAL_CRITERIOS(fecha_inicio,id_prod,id_var_crit,peso,tipo_formula,fecha_fin) VALUES ('10/01/2015',4,5,80,'i',NULL);
INSERT INTO VAM_EVAL_CRITERIOS(fecha_inicio,id_prod,id_var_crit,peso,tipo_formula,fecha_fin) VALUES ('12/12/2015',4,4,100,'r',NULL);
INSERT INTO VAM_EVAL_CRITERIOS(fecha_inicio,id_prod,id_var_crit,peso,tipo_formula,fecha_fin) VALUES ('12/12/2015',4,5,85,'r',NULL);
INSERT INTO VAM_EVAL_CRITERIOS(fecha_inicio,id_prod,id_var_crit,peso,tipo_formula,fecha_fin) VALUES ('01/04/2017',3,1,35,'i',NULL);
INSERT INTO VAM_EVAL_CRITERIOS(fecha_inicio,id_prod,id_var_crit,peso,tipo_formula,fecha_fin) VALUES ('01/04/2017',3,2,25,'i',NULL);
INSERT INTO VAM_EVAL_CRITERIOS(fecha_inicio,id_prod,id_var_crit,peso,tipo_formula,fecha_fin) VALUES ('01/04/2017',3,3,40,'i',NULL);
INSERT INTO VAM_EVAL_CRITERIOS(fecha_inicio,id_prod,id_var_crit,peso,tipo_formula,fecha_fin) VALUES ('01/04/2017',3,5,60,'i',NULL);
INSERT INTO VAM_EVAL_CRITERIOS(fecha_inicio,id_prod,id_var_crit,peso,tipo_formula,fecha_fin) VALUES ('01/02/2018',2,1,35,'i','5/11/2019');
INSERT INTO VAM_EVAL_CRITERIOS(fecha_inicio,id_prod,id_var_crit,peso,tipo_formula,fecha_fin) VALUES ('01/02/2018',2,2,30,'i','5/11/2019');
INSERT INTO VAM_EVAL_CRITERIOS(fecha_inicio,id_prod,id_var_crit,peso,tipo_formula,fecha_fin) VALUES ('01/02/2018',2,3,35,'i','5/11/2019');
INSERT INTO VAM_EVAL_CRITERIOS(fecha_inicio,id_prod,id_var_crit,peso,tipo_formula,fecha_fin) VALUES ('01/02/2018',2,5,65,'i','5/11/2019');
INSERT INTO VAM_EVAL_CRITERIOS(fecha_inicio,id_prod,id_var_crit,peso,tipo_formula,fecha_fin) VALUES ('01/02/2018',3,4,100,'r',NULL);
INSERT INTO VAM_EVAL_CRITERIOS(fecha_inicio,id_prod,id_var_crit,peso,tipo_formula,fecha_fin) VALUES ('01/02/2018',3,5,70,'r',NULL);
INSERT INTO VAM_EVAL_CRITERIOS(fecha_inicio,id_prod,id_var_crit,peso,tipo_formula,fecha_fin) VALUES ('10/12/2018',1,1,35,'i',NULL);
INSERT INTO VAM_EVAL_CRITERIOS(fecha_inicio,id_prod,id_var_crit,peso,tipo_formula,fecha_fin) VALUES ('10/12/2018',1,2,35,'i',NULL);
INSERT INTO VAM_EVAL_CRITERIOS(fecha_inicio,id_prod,id_var_crit,peso,tipo_formula,fecha_fin) VALUES ('10/12/2018',1,3,30,'i',NULL);
INSERT INTO VAM_EVAL_CRITERIOS(fecha_inicio,id_prod,id_var_crit,peso,tipo_formula,fecha_fin) VALUES ('10/12/2018',1,5,70,'i',NULL);
INSERT INTO VAM_EVAL_CRITERIOS(fecha_inicio,id_prod,id_var_crit,peso,tipo_formula,fecha_fin) VALUES ('1/1/2019',2,4,100,'r',NULL);
INSERT INTO VAM_EVAL_CRITERIOS(fecha_inicio,id_prod,id_var_crit,peso,tipo_formula,fecha_fin) VALUES ('1/1/2019',2,5,75,'r',NULL);
INSERT INTO VAM_EVAL_CRITERIOS(fecha_inicio,id_prod,id_var_crit,peso,tipo_formula,fecha_fin) VALUES ('5/11/2019',2,1,45,'i',NULL);
INSERT INTO VAM_EVAL_CRITERIOS(fecha_inicio,id_prod,id_var_crit,peso,tipo_formula,fecha_fin) VALUES ('5/11/2019',2,2,25,'i',NULL);
INSERT INTO VAM_EVAL_CRITERIOS(fecha_inicio,id_prod,id_var_crit,peso,tipo_formula,fecha_fin) VALUES ('5/11/2019',2,3,30,'i',NULL);
INSERT INTO VAM_EVAL_CRITERIOS(fecha_inicio,id_prod,id_var_crit,peso,tipo_formula,fecha_fin) VALUES ('5/11/2019',2,5,75,'i',NULL);
INSERT INTO VAM_EVAL_CRITERIOS(fecha_inicio,id_prod,id_var_crit,peso,tipo_formula,fecha_fin) VALUES ('14/12/2019',1,4,100,'r',NULL);
INSERT INTO VAM_EVAL_CRITERIOS(fecha_inicio,id_prod,id_var_crit,peso,tipo_formula,fecha_fin) VALUES ('14/12/2019',1,5,80,'r',NULL);

--ING_ORIGEN
INSERT INTO VAM_ING_ORIGEN(id_ing_esenc,id_ing_esenc_prov,id_pais) VALUES (8007805,1,46);
INSERT INTO VAM_ING_ORIGEN(id_ing_esenc,id_ing_esenc_prov,id_pais) VALUES (8015734,1,243);
INSERT INTO VAM_ING_ORIGEN(id_ing_esenc,id_ing_esenc_prov,id_pais) VALUES (8016635,1,46);

--ING_OTRO
INSERT INTO VAM_ING_OTROS(id_ing,id_prov,id_otro) VALUES (8007805,1,1);
INSERT INTO VAM_ING_OTROS(id_ing,id_prov,id_otro) VALUES (8007805,1,4);
INSERT INTO VAM_ING_OTROS(id_ing,id_prov,id_otro) VALUES (8007805,1,6);
INSERT INTO VAM_ING_OTROS(id_ing,id_prov,id_otro) VALUES (8007805,1,9);
INSERT INTO VAM_ING_OTROS(id_ing,id_prov,id_otro) VALUES (8007805,1,13);
INSERT INTO VAM_ING_OTROS(id_ing,id_prov,id_otro) VALUES (8007805,1,17);
INSERT INTO VAM_ING_OTROS(id_ing,id_prov,id_otro) VALUES (8007805,1,19);
INSERT INTO VAM_ING_OTROS(id_ing,id_prov,id_otro) VALUES (8015734,1,7);
INSERT INTO VAM_ING_OTROS(id_ing,id_prov,id_otro) VALUES (8015734,1,10);
INSERT INTO VAM_ING_OTROS(id_ing,id_prov,id_otro) VALUES (8015734,1,11);
INSERT INTO VAM_ING_OTROS(id_ing,id_prov,id_otro) VALUES (8015734,1,16);
INSERT INTO VAM_ING_OTROS(id_ing,id_prov,id_otro) VALUES (8015734,1,17);
INSERT INTO VAM_ING_OTROS(id_ing,id_prov,id_otro) VALUES (8015734,1,18);
INSERT INTO VAM_ING_OTROS(id_ing,id_prov,id_otro) VALUES (8016635,1,2);
INSERT INTO VAM_ING_OTROS(id_ing,id_prov,id_otro) VALUES (8016635,1,5);
INSERT INTO VAM_ING_OTROS(id_ing,id_prov,id_otro) VALUES (8016635,1,8);
INSERT INTO VAM_ING_OTROS(id_ing,id_prov,id_otro) VALUES (8016635,1,15);
INSERT INTO VAM_ING_OTROS(id_ing,id_prov,id_otro) VALUES (8016635,1,17);
INSERT INTO VAM_ING_OTROS(id_ing,id_prov,id_otro) VALUES (8016635,1,20);
INSERT INTO VAM_ING_OTROS(id_ing,id_prov,id_otro) VALUES (8007010,4,3);
INSERT INTO VAM_ING_OTROS(id_ing,id_prov,id_otro) VALUES (8007010,4,12);
INSERT INTO VAM_ING_OTROS(id_ing,id_prov,id_otro) VALUES (8007010,4,14);
INSERT INTO VAM_ING_OTROS(id_ing,id_prov,id_otro) VALUES (8007010,4,15);

--DET_PEDIDO
INSERT INTO VAM_DET_PEDIDO(id_pedido,cantidad,id_ing_presentacion,cas_ingrediente,id_prov_ing) VALUES (1,50,1,8007805,1);
INSERT INTO VAM_DET_PEDIDO(id_pedido,cantidad,id_ing_presentacion,cas_ingrediente,id_prov_ing) VALUES (1,20,4,8016635,1);
INSERT INTO VAM_DET_PEDIDO(id_pedido,cantidad,id_ing_presentacion,cas_ingrediente,id_prov_ing) VALUES (2,100,5,586629,2);
INSERT INTO VAM_DET_PEDIDO(id_pedido,cantidad,id_ing_presentacion,cas_ingrediente,id_prov_ing) VALUES (3,300,11,78605966,3);
INSERT INTO VAM_DET_PEDIDO(id_pedido,cantidad,id_ing_presentacion,cas_ingrediente,id_prov_ing) VALUES (4,105,14,142927,3);
INSERT INTO VAM_DET_PEDIDO(id_pedido,cantidad,id_ing_presentacion,cas_ingrediente,id_prov_ing) VALUES (5,130,17,8015956,4);
INSERT INTO VAM_DET_PEDIDO(id_pedido,cantidad,id_ing_presentacion,cas_ingrediente,id_prov_ing) VALUES (6,95,15,110383,4);
INSERT INTO VAM_DET_PEDIDO(id_pedido,cantidad,id_ing_presentacion,cas_ingrediente,id_prov_ing) VALUES (7,125,24,29957435,5);
INSERT INTO VAM_DET_PEDIDO(id_pedido,cantidad,id_ing_presentacion,cas_ingrediente,id_prov_ing) VALUES (8,300,25,134203,5);
INSERT INTO VAM_DET_PEDIDO(id_pedido,cantidad,id_ing_presentacion,cas_ingrediente,id_prov_ing) VALUES (9,375,10,106229,2);


--FLIA_IE
INSERT INTO VAM_FLIA_IE(id_flia_olfat,id_ing_esencia,id_ing_prov) VALUES (8,8007805,1);
INSERT INTO VAM_FLIA_IE(id_flia_olfat,id_ing_esencia,id_ing_prov) VALUES (5,8015734,1);
INSERT INTO VAM_FLIA_IE(id_flia_olfat,id_ing_esencia,id_ing_prov) VALUES (1,8016635,1);
INSERT INTO VAM_FLIA_IE(id_flia_olfat,id_ing_esencia,id_ing_prov) VALUES (2,586629,2);
INSERT INTO VAM_FLIA_IE(id_flia_olfat,id_ing_esencia,id_ing_prov) VALUES (8,4707475,2);
INSERT INTO VAM_FLIA_IE(id_flia_olfat,id_ing_esencia,id_ing_prov) VALUES (6,4707475,2);
INSERT INTO VAM_FLIA_IE(id_flia_olfat,id_ing_esencia,id_ing_prov) VALUES (2,106229,2);
INSERT INTO VAM_FLIA_IE(id_flia_olfat,id_ing_esencia,id_ing_prov) VALUES (3,106229,2);
INSERT INTO VAM_FLIA_IE(id_flia_olfat,id_ing_esencia,id_ing_prov) VALUES (3,78605966,3);
INSERT INTO VAM_FLIA_IE(id_flia_olfat,id_ing_esencia,id_ing_prov) VALUES (3,140114,3);
INSERT INTO VAM_FLIA_IE(id_flia_olfat,id_ing_esencia,id_ing_prov) VALUES (4,142927,3);
INSERT INTO VAM_FLIA_IE(id_flia_olfat,id_ing_esencia,id_ing_prov) VALUES (3,110383,4);
INSERT INTO VAM_FLIA_IE(id_flia_olfat,id_ing_esencia,id_ing_prov) VALUES (1,110383,4);
INSERT INTO VAM_FLIA_IE(id_flia_olfat,id_ing_esencia,id_ing_prov) VALUES (8,8015956,4);
INSERT INTO VAM_FLIA_IE(id_flia_olfat,id_ing_esencia,id_ing_prov) VALUES (3,8007010,4);
INSERT INTO VAM_FLIA_IE(id_flia_olfat,id_ing_esencia,id_ing_prov) VALUES (3,29957435,5);
