--INSERTS PARA EL AVANCE DEL AVANCE

--FLIA OLFAT
INSERT INTO VAM_FLIA_OLFAT(nombre) VALUES ('Verde');
INSERT INTO VAM_FLIA_OLFAT(nombre) VALUES ('Cítrico');
INSERT INTO VAM_FLIA_OLFAT(nombre) VALUES ('Flores');
INSERT INTO VAM_FLIA_OLFAT(nombre) VALUES ('Frutas');
INSERT INTO VAM_FLIA_OLFAT(nombre) VALUES ('Aromáticos');
INSERT INTO VAM_FLIA_OLFAT(nombre) VALUES ('Helechos (Fougère)');
INSERT INTO VAM_FLIA_OLFAT(nombre) VALUES ('Chipre');
INSERT INTO VAM_FLIA_OLFAT(nombre) VALUES ('Maderas');
INSERT INTO VAM_FLIA_OLFAT(nombre) VALUES ('Orientales');
INSERT INTO VAM_FLIA_OLFAT(nombre) VALUES ('Otros');

-- OTROS_ING_COMP
INSERT INTO VAM_OTROS_ING_COMP(nombre) VALUES ('acetato de cinamilo');
INSERT INTO VAM_OTROS_ING_COMP(nombre) VALUES ('acetato de linalilo');
INSERT INTO VAM_OTROS_ING_COMP(nombre) VALUES ('alcohol feniletílico');
INSERT INTO VAM_OTROS_ING_COMP(nombre) VALUES ('aldehído cinámico');
INSERT INTO VAM_OTROS_ING_COMP(nombre) VALUES ('alfa-terpineol');
INSERT INTO VAM_OTROS_ING_COMP(nombre) VALUES ('benzaldehído');
INSERT INTO VAM_OTROS_ING_COMP(nombre) VALUES ('bergamoteno');
INSERT INTO VAM_OTROS_ING_COMP(nombre) VALUES ('beta-cariofileno');
INSERT INTO VAM_OTROS_ING_COMP(nombre) VALUES ('chavicol');
INSERT INTO VAM_OTROS_ING_COMP(nombre) VALUES ('cimas florecientes');
INSERT INTO VAM_OTROS_ING_COMP(nombre) VALUES ('cineol 1.3');
INSERT INTO VAM_OTROS_ING_COMP(nombre) VALUES ('citronelol');
INSERT INTO VAM_OTROS_ING_COMP(nombre) VALUES ('corteza');
INSERT INTO VAM_OTROS_ING_COMP(nombre) VALUES ('estearoptenos');
INSERT INTO VAM_OTROS_ING_COMP(nombre) VALUES ('geraniol');
INSERT INTO VAM_OTROS_ING_COMP(nombre) VALUES ('hojas');
INSERT INTO VAM_OTROS_ING_COMP(nombre) VALUES ('linalool');
INSERT INTO VAM_OTROS_ING_COMP(nombre) VALUES ('metil chavicol');
INSERT INTO VAM_OTROS_ING_COMP(nombre) VALUES ('raices');
INSERT INTO VAM_OTROS_ING_COMP(nombre) VALUES ('tapas de floración');

--ASOC NACIONAL
INSERT INTO VAM_ASOC_NACIONALES(nombre,region,descripcion) VALUES ('FFAANZ','ap','Flavour & Fragrance Association of Australia & New Zealand');
INSERT INTO VAM_ASOC_NACIONALES(nombre,region,descripcion) VALUES ('CAFFCI','ap','China Association of Flavor, Fragrance & Cosmetic Industries');
INSERT INTO VAM_ASOC_NACIONALES(nombre,region,descripcion) VALUES ('AFFI','ap','Asosiasi Flavor dan Fragran Indonesia');
INSERT INTO VAM_ASOC_NACIONALES(nombre,region,descripcion) VALUES ('JFFMA','ap','Japan Flavor & Fragrance Materials Association');
INSERT INTO VAM_ASOC_NACIONALES(nombre,region,descripcion) VALUES ('KFFA','ap','Korea Flavor & Fragrance Association');
INSERT INTO VAM_ASOC_NACIONALES(nombre,region,descripcion) VALUES ('FFAS','ap','Flavor & Fragrance Association Singapore');
INSERT INTO VAM_ASOC_NACIONALES(nombre,region,descripcion) VALUES ('Prodarom','eu',NULL);
INSERT INTO VAM_ASOC_NACIONALES(nombre,region,descripcion) VALUES ('DVRH','eu','Deustcher Verband der Riechstoff-Hersteller E.V.');
INSERT INTO VAM_ASOC_NACIONALES(nombre,region,descripcion) VALUES ('AISPEC','eu','Federchimica Assospecifici');
INSERT INTO VAM_ASOC_NACIONALES(nombre,region,descripcion) VALUES ('NEA','eu',NULL);
INSERT INTO VAM_ASOC_NACIONALES(nombre,region,descripcion) VALUES ('SAAFFI','eu','South African Association of the Flavour & Fragrance Industry');
INSERT INTO VAM_ASOC_NACIONALES(nombre,region,descripcion) VALUES ('AEFAA','eu','Asociación Española de Fragancias y Aromas Alimentarios');
INSERT INTO VAM_ASOC_NACIONALES(nombre,region,descripcion) VALUES ('SFFIA','eu','Swiss Flavour and Fragrance Industry Association');
INSERT INTO VAM_ASOC_NACIONALES(nombre,region,descripcion) VALUES ('AREP','eu',NULL);
INSERT INTO VAM_ASOC_NACIONALES(nombre,region,descripcion) VALUES ('IFRA UK','eu',NULL);
INSERT INTO VAM_ASOC_NACIONALES(nombre,region,descripcion) VALUES ('CAFEPA','la','Cámara Argentina de Fabricantes de Productos Aromaticos');
INSERT INTO VAM_ASOC_NACIONALES(nombre,region,descripcion) VALUES ('ABIFRA','la','Associaçao Brasileira das Industrias de Oleos Essenciais, Fragrancias, Aromas');
INSERT INTO VAM_ASOC_NACIONALES(nombre,region,descripcion) VALUES ('ACHISAF','la','Asociación Chilena de Sabores y Fragancias Asociación');
INSERT INTO VAM_ASOC_NACIONALES(nombre,region,descripcion) VALUES ('CISF','la','Cámara de la Industria de Sabores y Fragrancias');
INSERT INTO VAM_ASOC_NACIONALES(nombre,region,descripcion) VALUES ('ANFPA','la','Asociación Nacional de Fabricantes de Productos Aromáticos');
INSERT INTO VAM_ASOC_NACIONALES(nombre,region,descripcion) VALUES ('FCA','na','Fragrance Creators Association');

--Productor
INSERT INTO VAM_PRODUCTORES(nombre,email,telefono,pag_web,id_asoc_nac) VALUES ('Firmenich','daaid.lyon@firmenich.com',33170377661,'www.firmenich.com',NULL);
INSERT INTO VAM_PRODUCTORES(nombre,email,telefono,pag_web,id_asoc_nac) VALUES ('IFF','michael.deveau@iff.com',12127655500,'iff.com',NULL);
INSERT INTO VAM_PRODUCTORES(nombre,email,telefono,pag_web,id_asoc_nac) VALUES ('Estee Lauder Companies','alkumar.ka@elcompanies.com',12122294830,'www.elcompanies.com',21);
INSERT INTO VAM_PRODUCTORES(nombre,email,telefono,pag_web,id_asoc_nac) VALUES ('L’Occitane','lstrend312@gmail.com',969364656,'fr.loccitane.com',7);

--Pais
INSERT INTO VAM_PAISES(continente,nombre,id_asoc_nac) VALUES ('as','Afganistán',NULL);
INSERT INTO VAM_PAISES(continente,nombre,id_asoc_nac) VALUES ('e','Islas Aland',NULL);
INSERT INTO VAM_PAISES(continente,nombre,id_asoc_nac) VALUES ('e','Albania',NULL);
INSERT INTO VAM_PAISES(continente,nombre,id_asoc_nac) VALUES ('af','Argelia',NULL);
INSERT INTO VAM_PAISES(continente,nombre,id_asoc_nac) VALUES ('o','Samoa Americana',NULL);
INSERT INTO VAM_PAISES(continente,nombre,id_asoc_nac) VALUES ('e','Andorra',NULL);
INSERT INTO VAM_PAISES(continente,nombre,id_asoc_nac) VALUES ('af','Angola',NULL);
INSERT INTO VAM_PAISES(continente,nombre,id_asoc_nac) VALUES ('am','Anguilla',NULL);
INSERT INTO VAM_PAISES(continente,nombre,id_asoc_nac) VALUES ('am','Antigua y Barbuda',NULL);
INSERT INTO VAM_PAISES(continente,nombre,id_asoc_nac) VALUES ('am','Argentina',16);
INSERT INTO VAM_PAISES(continente,nombre,id_asoc_nac) VALUES ('as','Armenia',NULL);
INSERT INTO VAM_PAISES(continente,nombre,id_asoc_nac) VALUES ('am','Aruba',NULL);
INSERT INTO VAM_PAISES(continente,nombre,id_asoc_nac) VALUES ('o','Australia',1);
INSERT INTO VAM_PAISES(continente,nombre,id_asoc_nac) VALUES ('e','Austria',NULL);
INSERT INTO VAM_PAISES(continente,nombre,id_asoc_nac) VALUES ('as','Azerbaiyán',NULL);
INSERT INTO VAM_PAISES(continente,nombre,id_asoc_nac) VALUES ('am','Bahamas',NULL);
INSERT INTO VAM_PAISES(continente,nombre,id_asoc_nac) VALUES ('as','Bahrein',NULL);
INSERT INTO VAM_PAISES(continente,nombre,id_asoc_nac) VALUES ('as','Bangladesh',NULL);
INSERT INTO VAM_PAISES(continente,nombre,id_asoc_nac) VALUES ('am','Barbados',NULL);
INSERT INTO VAM_PAISES(continente,nombre,id_asoc_nac) VALUES ('e','Bielorrusia',NULL);
INSERT INTO VAM_PAISES(continente,nombre,id_asoc_nac) VALUES ('e','Bélgica',NULL);
INSERT INTO VAM_PAISES(continente,nombre,id_asoc_nac) VALUES ('am','Belice',NULL);
INSERT INTO VAM_PAISES(continente,nombre,id_asoc_nac) VALUES ('af','Benin',NULL);
INSERT INTO VAM_PAISES(continente,nombre,id_asoc_nac) VALUES ('am','Islas Bermudas',NULL);
INSERT INTO VAM_PAISES(continente,nombre,id_asoc_nac) VALUES ('as','Bután',NULL);
INSERT INTO VAM_PAISES(continente,nombre,id_asoc_nac) VALUES ('am','Bolivia',NULL);
INSERT INTO VAM_PAISES(continente,nombre,id_asoc_nac) VALUES ('am','Bonaire, San Eustaquio y Saba',NULL);
INSERT INTO VAM_PAISES(continente,nombre,id_asoc_nac) VALUES ('e','Bosnia y Herzegovina',NULL);
INSERT INTO VAM_PAISES(continente,nombre,id_asoc_nac) VALUES ('af','Botswana',NULL);
INSERT INTO VAM_PAISES(continente,nombre,id_asoc_nac) VALUES ('am','Isla Bouvet',NULL);
INSERT INTO VAM_PAISES(continente,nombre,id_asoc_nac) VALUES ('am','Brasil',17);
INSERT INTO VAM_PAISES(continente,nombre,id_asoc_nac) VALUES ('af','Territorio Británico del Océano Índico',NULL);
INSERT INTO VAM_PAISES(continente,nombre,id_asoc_nac) VALUES ('am','Islas Vírgenes Británicas',NULL);
INSERT INTO VAM_PAISES(continente,nombre,id_asoc_nac) VALUES ('as','Brunei',NULL);
INSERT INTO VAM_PAISES(continente,nombre,id_asoc_nac) VALUES ('e','Bulgaria',NULL);
INSERT INTO VAM_PAISES(continente,nombre,id_asoc_nac) VALUES ('af','Burkina Faso',NULL);
INSERT INTO VAM_PAISES(continente,nombre,id_asoc_nac) VALUES ('af','Burundi',NULL);
INSERT INTO VAM_PAISES(continente,nombre,id_asoc_nac) VALUES ('af','Cabo Verde',NULL);
INSERT INTO VAM_PAISES(continente,nombre,id_asoc_nac) VALUES ('as','Camboya',NULL);
INSERT INTO VAM_PAISES(continente,nombre,id_asoc_nac) VALUES ('af','Camerún',NULL);
INSERT INTO VAM_PAISES(continente,nombre,id_asoc_nac) VALUES ('am','Canadá',21);
INSERT INTO VAM_PAISES(continente,nombre,id_asoc_nac) VALUES ('am','Islas Caimán',NULL);
INSERT INTO VAM_PAISES(continente,nombre,id_asoc_nac) VALUES ('af','República Centroafna',NULL);
INSERT INTO VAM_PAISES(continente,nombre,id_asoc_nac) VALUES ('af','Chad',NULL);
INSERT INTO VAM_PAISES(continente,nombre,id_asoc_nac) VALUES ('am','Chile',18);
INSERT INTO VAM_PAISES(continente,nombre,id_asoc_nac) VALUES ('as','China',2);
INSERT INTO VAM_PAISES(continente,nombre,id_asoc_nac) VALUES ('as','China, Hong Kong, Región Administrativa Especial',2);
INSERT INTO VAM_PAISES(continente,nombre,id_asoc_nac) VALUES ('as','China, Macao, Región Administrativa Especial',2);
INSERT INTO VAM_PAISES(continente,nombre,id_asoc_nac) VALUES ('o','Isla de Navidad',NULL);
INSERT INTO VAM_PAISES(continente,nombre,id_asoc_nac) VALUES ('o','Islas Cocos',NULL);
INSERT INTO VAM_PAISES(continente,nombre,id_asoc_nac) VALUES ('am','Colombia',19);
INSERT INTO VAM_PAISES(continente,nombre,id_asoc_nac) VALUES ('af','Comoras',NULL);
INSERT INTO VAM_PAISES(continente,nombre,id_asoc_nac) VALUES ('af','Congo',NULL);
INSERT INTO VAM_PAISES(continente,nombre,id_asoc_nac) VALUES ('o','Islas Cook',NULL);
INSERT INTO VAM_PAISES(continente,nombre,id_asoc_nac) VALUES ('am','Costa Rica',NULL);
INSERT INTO VAM_PAISES(continente,nombre,id_asoc_nac) VALUES ('af','Costa de Marfil',NULL);
INSERT INTO VAM_PAISES(continente,nombre,id_asoc_nac) VALUES ('e','Croacia',NULL);
INSERT INTO VAM_PAISES(continente,nombre,id_asoc_nac) VALUES ('am','Cuba',NULL);
INSERT INTO VAM_PAISES(continente,nombre,id_asoc_nac) VALUES ('am','Curaçao',NULL);
INSERT INTO VAM_PAISES(continente,nombre,id_asoc_nac) VALUES ('as','Chipre',NULL);
INSERT INTO VAM_PAISES(continente,nombre,id_asoc_nac) VALUES ('e','Chequia',NULL);
INSERT INTO VAM_PAISES(continente,nombre,id_asoc_nac) VALUES ('as','República Popular Democrática de Corea',NULL);
INSERT INTO VAM_PAISES(continente,nombre,id_asoc_nac) VALUES ('af','República Democrática del Congo',NULL);
INSERT INTO VAM_PAISES(continente,nombre,id_asoc_nac) VALUES ('e','Dinamarca',NULL);
INSERT INTO VAM_PAISES(continente,nombre,id_asoc_nac) VALUES ('af','Djibouti',NULL);
INSERT INTO VAM_PAISES(continente,nombre,id_asoc_nac) VALUES ('am','dominica',NULL);
INSERT INTO VAM_PAISES(continente,nombre,id_asoc_nac) VALUES ('am','República Dominicana',NULL);
INSERT INTO VAM_PAISES(continente,nombre,id_asoc_nac) VALUES ('am','Ecuador',NULL);
INSERT INTO VAM_PAISES(continente,nombre,id_asoc_nac) VALUES ('af','Egipto',NULL);
INSERT INTO VAM_PAISES(continente,nombre,id_asoc_nac) VALUES ('am','El Salvador',NULL);
INSERT INTO VAM_PAISES(continente,nombre,id_asoc_nac) VALUES ('af','Guinea Ecuatorial',NULL);
INSERT INTO VAM_PAISES(continente,nombre,id_asoc_nac) VALUES ('af','Eritrea',NULL);
INSERT INTO VAM_PAISES(continente,nombre,id_asoc_nac) VALUES ('e','Estonia',NULL);
INSERT INTO VAM_PAISES(continente,nombre,id_asoc_nac) VALUES ('af','Eswatini',NULL);
INSERT INTO VAM_PAISES(continente,nombre,id_asoc_nac) VALUES ('af','Etiopía',NULL);
INSERT INTO VAM_PAISES(continente,nombre,id_asoc_nac) VALUES ('am','Islas Malvinas',NULL);
INSERT INTO VAM_PAISES(continente,nombre,id_asoc_nac) VALUES ('e','Islas Faroe',NULL);
INSERT INTO VAM_PAISES(continente,nombre,id_asoc_nac) VALUES ('o','Fiji',NULL);
INSERT INTO VAM_PAISES(continente,nombre,id_asoc_nac) VALUES ('e','Finlandia',NULL);
INSERT INTO VAM_PAISES(continente,nombre,id_asoc_nac) VALUES ('e','Francia',7);
INSERT INTO VAM_PAISES(continente,nombre,id_asoc_nac) VALUES ('am','Guayana francesa',NULL);
INSERT INTO VAM_PAISES(continente,nombre,id_asoc_nac) VALUES ('o','Polinesia francés',NULL);
INSERT INTO VAM_PAISES(continente,nombre,id_asoc_nac) VALUES ('af','Territorios Franceses del Sur',NULL);
INSERT INTO VAM_PAISES(continente,nombre,id_asoc_nac) VALUES ('af','Gabón',NULL);
INSERT INTO VAM_PAISES(continente,nombre,id_asoc_nac) VALUES ('af','Gambia',NULL);
INSERT INTO VAM_PAISES(continente,nombre,id_asoc_nac) VALUES ('as','Georgia',NULL);
INSERT INTO VAM_PAISES(continente,nombre,id_asoc_nac) VALUES ('e','Alemania',8);
INSERT INTO VAM_PAISES(continente,nombre,id_asoc_nac) VALUES ('af','Ghana',NULL);
INSERT INTO VAM_PAISES(continente,nombre,id_asoc_nac) VALUES ('e','Gibraltar',NULL);
INSERT INTO VAM_PAISES(continente,nombre,id_asoc_nac) VALUES ('e','Grecia',NULL);
INSERT INTO VAM_PAISES(continente,nombre,id_asoc_nac) VALUES ('am','Groenlandia',NULL);
INSERT INTO VAM_PAISES(continente,nombre,id_asoc_nac) VALUES ('am','Granada',NULL);
INSERT INTO VAM_PAISES(continente,nombre,id_asoc_nac) VALUES ('am','Guadalupe',NULL);
INSERT INTO VAM_PAISES(continente,nombre,id_asoc_nac) VALUES ('o','Guam',NULL);
INSERT INTO VAM_PAISES(continente,nombre,id_asoc_nac) VALUES ('am','Guatemala',NULL);
INSERT INTO VAM_PAISES(continente,nombre,id_asoc_nac) VALUES ('e','Guernesey',NULL);
INSERT INTO VAM_PAISES(continente,nombre,id_asoc_nac) VALUES ('af','Guinea',NULL);
INSERT INTO VAM_PAISES(continente,nombre,id_asoc_nac) VALUES ('af','Guinea-Bissau',NULL);
INSERT INTO VAM_PAISES(continente,nombre,id_asoc_nac) VALUES ('am','Guayana',NULL);
INSERT INTO VAM_PAISES(continente,nombre,id_asoc_nac) VALUES ('am','Haití',NULL);
INSERT INTO VAM_PAISES(continente,nombre,id_asoc_nac) VALUES ('o','Islas Heard y McDonald',NULL);
INSERT INTO VAM_PAISES(continente,nombre,id_asoc_nac) VALUES ('e','Santa Sede',NULL);
INSERT INTO VAM_PAISES(continente,nombre,id_asoc_nac) VALUES ('am','Honduras',NULL);
INSERT INTO VAM_PAISES(continente,nombre,id_asoc_nac) VALUES ('e','Hungría',NULL);
INSERT INTO VAM_PAISES(continente,nombre,id_asoc_nac) VALUES ('e','Islandia',NULL);
INSERT INTO VAM_PAISES(continente,nombre,id_asoc_nac) VALUES ('as','India',NULL);
INSERT INTO VAM_PAISES(continente,nombre,id_asoc_nac) VALUES ('as','Indonesia',3);
INSERT INTO VAM_PAISES(continente,nombre,id_asoc_nac) VALUES ('as','Irán (República Islámica de)',NULL);
INSERT INTO VAM_PAISES(continente,nombre,id_asoc_nac) VALUES ('as','Irak',NULL);
INSERT INTO VAM_PAISES(continente,nombre,id_asoc_nac) VALUES ('e','Irlanda',NULL);
INSERT INTO VAM_PAISES(continente,nombre,id_asoc_nac) VALUES ('e','Isla del hombre',NULL);
INSERT INTO VAM_PAISES(continente,nombre,id_asoc_nac) VALUES ('as','Israel',NULL);
INSERT INTO VAM_PAISES(continente,nombre,id_asoc_nac) VALUES ('e','Italia',9);
INSERT INTO VAM_PAISES(continente,nombre,id_asoc_nac) VALUES ('am','Jamaica',NULL);
INSERT INTO VAM_PAISES(continente,nombre,id_asoc_nac) VALUES ('as','Japón',4);
INSERT INTO VAM_PAISES(continente,nombre,id_asoc_nac) VALUES ('e','Jersey',NULL);
INSERT INTO VAM_PAISES(continente,nombre,id_asoc_nac) VALUES ('as','Jordán',NULL);
INSERT INTO VAM_PAISES(continente,nombre,id_asoc_nac) VALUES ('as','Kazajstán',NULL);
INSERT INTO VAM_PAISES(continente,nombre,id_asoc_nac) VALUES ('af','Kenia',NULL);
INSERT INTO VAM_PAISES(continente,nombre,id_asoc_nac) VALUES ('o','Kiribati',NULL);
INSERT INTO VAM_PAISES(continente,nombre,id_asoc_nac) VALUES ('as','Kuwait',NULL);
INSERT INTO VAM_PAISES(continente,nombre,id_asoc_nac) VALUES ('as','Kirguizistán',NULL);
INSERT INTO VAM_PAISES(continente,nombre,id_asoc_nac) VALUES ('as','República Democrática Popular de Lao',NULL);
INSERT INTO VAM_PAISES(continente,nombre,id_asoc_nac) VALUES ('e','Letonia',NULL);
INSERT INTO VAM_PAISES(continente,nombre,id_asoc_nac) VALUES ('as','Líbano',NULL);
INSERT INTO VAM_PAISES(continente,nombre,id_asoc_nac) VALUES ('af','Lesoto',NULL);
INSERT INTO VAM_PAISES(continente,nombre,id_asoc_nac) VALUES ('af','Liberia',NULL);
INSERT INTO VAM_PAISES(continente,nombre,id_asoc_nac) VALUES ('af','Libia',NULL);
INSERT INTO VAM_PAISES(continente,nombre,id_asoc_nac) VALUES ('e','Liechtenstein',NULL);
INSERT INTO VAM_PAISES(continente,nombre,id_asoc_nac) VALUES ('e','Lituania',NULL);
INSERT INTO VAM_PAISES(continente,nombre,id_asoc_nac) VALUES ('e','Luxemburgo',NULL);
INSERT INTO VAM_PAISES(continente,nombre,id_asoc_nac) VALUES ('af','Madagascar',NULL);
INSERT INTO VAM_PAISES(continente,nombre,id_asoc_nac) VALUES ('af','Malawi',NULL);
INSERT INTO VAM_PAISES(continente,nombre,id_asoc_nac) VALUES ('as','Malas',NULL);
INSERT INTO VAM_PAISES(continente,nombre,id_asoc_nac) VALUES ('as','Maldivas',NULL);
INSERT INTO VAM_PAISES(continente,nombre,id_asoc_nac) VALUES ('af','mali',NULL);
INSERT INTO VAM_PAISES(continente,nombre,id_asoc_nac) VALUES ('e','Malta',NULL);
INSERT INTO VAM_PAISES(continente,nombre,id_asoc_nac) VALUES ('o','Islas Marshall',NULL);
INSERT INTO VAM_PAISES(continente,nombre,id_asoc_nac) VALUES ('am','Martinica',NULL);
INSERT INTO VAM_PAISES(continente,nombre,id_asoc_nac) VALUES ('af','Mauritania',NULL);
INSERT INTO VAM_PAISES(continente,nombre,id_asoc_nac) VALUES ('af','Isla mauricio',NULL);
INSERT INTO VAM_PAISES(continente,nombre,id_asoc_nac) VALUES ('af','Mayotte',NULL);
INSERT INTO VAM_PAISES(continente,nombre,id_asoc_nac) VALUES ('am','México',20);
INSERT INTO VAM_PAISES(continente,nombre,id_asoc_nac) VALUES ('o','Micronesia (Estados Federados de)',NULL);
INSERT INTO VAM_PAISES(continente,nombre,id_asoc_nac) VALUES ('e','Mónaco',NULL);
INSERT INTO VAM_PAISES(continente,nombre,id_asoc_nac) VALUES ('as','Mongolia',NULL);
INSERT INTO VAM_PAISES(continente,nombre,id_asoc_nac) VALUES ('e','Montenegro',NULL);
INSERT INTO VAM_PAISES(continente,nombre,id_asoc_nac) VALUES ('am','Montserrat',NULL);
INSERT INTO VAM_PAISES(continente,nombre,id_asoc_nac) VALUES ('af','Marruecos',NULL);
INSERT INTO VAM_PAISES(continente,nombre,id_asoc_nac) VALUES ('af','Mozambique',NULL);
INSERT INTO VAM_PAISES(continente,nombre,id_asoc_nac) VALUES ('as','Myanmar',NULL);
INSERT INTO VAM_PAISES(continente,nombre,id_asoc_nac) VALUES ('af','Namibia',NULL);
INSERT INTO VAM_PAISES(continente,nombre,id_asoc_nac) VALUES ('o','Nauru',NULL);
INSERT INTO VAM_PAISES(continente,nombre,id_asoc_nac) VALUES ('as','Nepal',NULL);
INSERT INTO VAM_PAISES(continente,nombre,id_asoc_nac) VALUES ('e','Países Bajos',10);
INSERT INTO VAM_PAISES(continente,nombre,id_asoc_nac) VALUES ('o','Nueva Caledonia',NULL);
INSERT INTO VAM_PAISES(continente,nombre,id_asoc_nac) VALUES ('o','Nueva Zelanda',1);
INSERT INTO VAM_PAISES(continente,nombre,id_asoc_nac) VALUES ('am','Nicaragua',NULL);
INSERT INTO VAM_PAISES(continente,nombre,id_asoc_nac) VALUES ('af','Níger',NULL);
INSERT INTO VAM_PAISES(continente,nombre,id_asoc_nac) VALUES ('af','Nigeria',NULL);
INSERT INTO VAM_PAISES(continente,nombre,id_asoc_nac) VALUES ('o','Niue',NULL);
INSERT INTO VAM_PAISES(continente,nombre,id_asoc_nac) VALUES ('o','Isla Norfolk',NULL);
INSERT INTO VAM_PAISES(continente,nombre,id_asoc_nac) VALUES ('e','Norte Macedonia',NULL);
INSERT INTO VAM_PAISES(continente,nombre,id_asoc_nac) VALUES ('o','Islas Marianas del Norte',NULL);
INSERT INTO VAM_PAISES(continente,nombre,id_asoc_nac) VALUES ('e','Noruega',NULL);
INSERT INTO VAM_PAISES(continente,nombre,id_asoc_nac) VALUES ('as','Omán',NULL);
INSERT INTO VAM_PAISES(continente,nombre,id_asoc_nac) VALUES ('as','Pakistán',NULL);
INSERT INTO VAM_PAISES(continente,nombre,id_asoc_nac) VALUES ('o','Palau',NULL);
INSERT INTO VAM_PAISES(continente,nombre,id_asoc_nac) VALUES ('am','Panamá',NULL);
INSERT INTO VAM_PAISES(continente,nombre,id_asoc_nac) VALUES ('o','Papúa Nueva Guinea',NULL);
INSERT INTO VAM_PAISES(continente,nombre,id_asoc_nac) VALUES ('am','Paraguay',NULL);
INSERT INTO VAM_PAISES(continente,nombre,id_asoc_nac) VALUES ('am','Perú',NULL);
INSERT INTO VAM_PAISES(continente,nombre,id_asoc_nac) VALUES ('as','Filipinas',NULL);
INSERT INTO VAM_PAISES(continente,nombre,id_asoc_nac) VALUES ('o','Pitcairn',NULL);
INSERT INTO VAM_PAISES(continente,nombre,id_asoc_nac) VALUES ('e','Polonia',NULL);
INSERT INTO VAM_PAISES(continente,nombre,id_asoc_nac) VALUES ('e','Portugal',NULL);
INSERT INTO VAM_PAISES(continente,nombre,id_asoc_nac) VALUES ('am','Puerto Rico',NULL);
INSERT INTO VAM_PAISES(continente,nombre,id_asoc_nac) VALUES ('as','Katar',NULL);
INSERT INTO VAM_PAISES(continente,nombre,id_asoc_nac) VALUES ('as','República de Corea',5);
INSERT INTO VAM_PAISES(continente,nombre,id_asoc_nac) VALUES ('e','República de Moldova',NULL);
INSERT INTO VAM_PAISES(continente,nombre,id_asoc_nac) VALUES ('af','Reunión',NULL);
INSERT INTO VAM_PAISES(continente,nombre,id_asoc_nac) VALUES ('e','Rumania',NULL);
INSERT INTO VAM_PAISES(continente,nombre,id_asoc_nac) VALUES ('e','Rusia',NULL);
INSERT INTO VAM_PAISES(continente,nombre,id_asoc_nac) VALUES ('af','Ruanda',NULL);
INSERT INTO VAM_PAISES(continente,nombre,id_asoc_nac) VALUES ('am','San Bartolomé',NULL);
INSERT INTO VAM_PAISES(continente,nombre,id_asoc_nac) VALUES ('af','Santa Helena',NULL);
INSERT INTO VAM_PAISES(continente,nombre,id_asoc_nac) VALUES ('am','Saint Kitts y Nevis',NULL);
INSERT INTO VAM_PAISES(continente,nombre,id_asoc_nac) VALUES ('am','Santa Lucía',NULL);
INSERT INTO VAM_PAISES(continente,nombre,id_asoc_nac) VALUES ('am','San Martín (parte francesa)',NULL);
INSERT INTO VAM_PAISES(continente,nombre,id_asoc_nac) VALUES ('am','San Pedro y Miquelón',NULL);
INSERT INTO VAM_PAISES(continente,nombre,id_asoc_nac) VALUES ('am','San Vicente y las Granadinas',NULL);
INSERT INTO VAM_PAISES(continente,nombre,id_asoc_nac) VALUES ('o','Samoa',NULL);
INSERT INTO VAM_PAISES(continente,nombre,id_asoc_nac) VALUES ('e','San Marino',NULL);
INSERT INTO VAM_PAISES(continente,nombre,id_asoc_nac) VALUES ('af','Santo Tomé y Príncipe',NULL);
INSERT INTO VAM_PAISES(continente,nombre,id_asoc_nac) VALUES ('e','Sark',NULL);
INSERT INTO VAM_PAISES(continente,nombre,id_asoc_nac) VALUES ('as','Arabia Saudita',NULL);
INSERT INTO VAM_PAISES(continente,nombre,id_asoc_nac) VALUES ('af','Senegal',NULL);
INSERT INTO VAM_PAISES(continente,nombre,id_asoc_nac) VALUES ('e','Serbia',NULL);
INSERT INTO VAM_PAISES(continente,nombre,id_asoc_nac) VALUES ('af','Seychelles',NULL);
INSERT INTO VAM_PAISES(continente,nombre,id_asoc_nac) VALUES ('af','Sierra Leona',NULL);
INSERT INTO VAM_PAISES(continente,nombre,id_asoc_nac) VALUES ('as','Singapur',6);
INSERT INTO VAM_PAISES(continente,nombre,id_asoc_nac) VALUES ('am','Sint Maarten (parte neerlandesa)',NULL);
INSERT INTO VAM_PAISES(continente,nombre,id_asoc_nac) VALUES ('e','Eslovaquia',NULL);
INSERT INTO VAM_PAISES(continente,nombre,id_asoc_nac) VALUES ('e','Eslovenia',NULL);
INSERT INTO VAM_PAISES(continente,nombre,id_asoc_nac) VALUES ('o','Islas Salomón',NULL);
INSERT INTO VAM_PAISES(continente,nombre,id_asoc_nac) VALUES ('af','Somalia',NULL);
INSERT INTO VAM_PAISES(continente,nombre,id_asoc_nac) VALUES ('af','Sudáfrica',11);
INSERT INTO VAM_PAISES(continente,nombre,id_asoc_nac) VALUES ('am','Georgia del sur y las islas Sandwich del sur',NULL);
INSERT INTO VAM_PAISES(continente,nombre,id_asoc_nac) VALUES ('af','Sudán del Sur',NULL);
INSERT INTO VAM_PAISES(continente,nombre,id_asoc_nac) VALUES ('e','España',12);
INSERT INTO VAM_PAISES(continente,nombre,id_asoc_nac) VALUES ('as','Sri Lanka',NULL);
INSERT INTO VAM_PAISES(continente,nombre,id_asoc_nac) VALUES ('as','Estado de Palestina',NULL);
INSERT INTO VAM_PAISES(continente,nombre,id_asoc_nac) VALUES ('af','Sudán',NULL);
INSERT INTO VAM_PAISES(continente,nombre,id_asoc_nac) VALUES ('am','Surinam',NULL);
INSERT INTO VAM_PAISES(continente,nombre,id_asoc_nac) VALUES ('e','Svalbard y Jan Mayen',NULL);
INSERT INTO VAM_PAISES(continente,nombre,id_asoc_nac) VALUES ('e','Suecia',NULL);
INSERT INTO VAM_PAISES(continente,nombre,id_asoc_nac) VALUES ('e','Suiza',13);
INSERT INTO VAM_PAISES(continente,nombre,id_asoc_nac) VALUES ('as','República Árabe Siria',NULL);
INSERT INTO VAM_PAISES(continente,nombre,id_asoc_nac) VALUES ('as','Tayikistán',NULL);
INSERT INTO VAM_PAISES(continente,nombre,id_asoc_nac) VALUES ('as','Tailandia',NULL);
INSERT INTO VAM_PAISES(continente,nombre,id_asoc_nac) VALUES ('as','Timor Oriental',NULL);
INSERT INTO VAM_PAISES(continente,nombre,id_asoc_nac) VALUES ('af','Ir',NULL);
INSERT INTO VAM_PAISES(continente,nombre,id_asoc_nac) VALUES ('o','Tokelau',NULL);
INSERT INTO VAM_PAISES(continente,nombre,id_asoc_nac) VALUES ('o','Tonga',NULL);
INSERT INTO VAM_PAISES(continente,nombre,id_asoc_nac) VALUES ('am','Trinidad y Tobago',NULL);
INSERT INTO VAM_PAISES(continente,nombre,id_asoc_nac) VALUES ('af','Túnez',NULL);
INSERT INTO VAM_PAISES(continente,nombre,id_asoc_nac) VALUES ('as','Turquia',14);
INSERT INTO VAM_PAISES(continente,nombre,id_asoc_nac) VALUES ('as','Turkmenistán',NULL);
INSERT INTO VAM_PAISES(continente,nombre,id_asoc_nac) VALUES ('am','Islas Turcas y Caicos',NULL);
INSERT INTO VAM_PAISES(continente,nombre,id_asoc_nac) VALUES ('o','Tuvalu',NULL);
INSERT INTO VAM_PAISES(continente,nombre,id_asoc_nac) VALUES ('af','Uganda',NULL);
INSERT INTO VAM_PAISES(continente,nombre,id_asoc_nac) VALUES ('e','Ucrania',NULL);
INSERT INTO VAM_PAISES(continente,nombre,id_asoc_nac) VALUES ('as','Emiratos Árabes Unidos',NULL);
INSERT INTO VAM_PAISES(continente,nombre,id_asoc_nac) VALUES ('e','Reino Unido de Gran Bretaña e Irlanda del Norte',15);
INSERT INTO VAM_PAISES(continente,nombre,id_asoc_nac) VALUES ('af','República Unida de Tanzania',NULL);
INSERT INTO VAM_PAISES(continente,nombre,id_asoc_nac) VALUES ('o','Islas periféricas menores de Estados Unidos',NULL);
INSERT INTO VAM_PAISES(continente,nombre,id_asoc_nac) VALUES ('am','Estados Unidos de America',21);
INSERT INTO VAM_PAISES(continente,nombre,id_asoc_nac) VALUES ('am','Islas Vírgenes de los Estados',NULL);
INSERT INTO VAM_PAISES(continente,nombre,id_asoc_nac) VALUES ('am','Uruguay',NULL);
INSERT INTO VAM_PAISES(continente,nombre,id_asoc_nac) VALUES ('as','Uzbekistán',NULL);
INSERT INTO VAM_PAISES(continente,nombre,id_asoc_nac) VALUES ('o','Vanuatu',NULL);
INSERT INTO VAM_PAISES(continente,nombre,id_asoc_nac) VALUES ('am','Venezuela (República Bolivariana de)',NULL);
INSERT INTO VAM_PAISES(continente,nombre,id_asoc_nac) VALUES ('as','Vietnam',NULL);
INSERT INTO VAM_PAISES(continente,nombre,id_asoc_nac) VALUES ('o','Wallis y Futuna',NULL);
INSERT INTO VAM_PAISES(continente,nombre,id_asoc_nac) VALUES ('af','Sahara Occidental',NULL);
INSERT INTO VAM_PAISES(continente,nombre,id_asoc_nac) VALUES ('as','Yemen',NULL);
INSERT INTO VAM_PAISES(continente,nombre,id_asoc_nac) VALUES ('af','Zambia',NULL);
INSERT INTO VAM_PAISES(continente,nombre,id_asoc_nac) VALUES ('af','Zimbabue',NULL);


--Proveedor
INSERT INTO VAM_PROVEEDORES(nombre,email,telefono,pag_web,id_pais,id_asoc_nac) VALUES ('Ultra International Ltd','ultra@ultranl.com',911141517010,'ultranl.com',155,10);
INSERT INTO VAM_PROVEEDORES(nombre,email,telefono,pag_web,id_pais,id_asoc_nac) VALUES ('Privi Organics Ltd','info@privi.co.in',912233043500,'www.privi.com',106,NULL);
INSERT INTO VAM_PROVEEDORES(nombre,email,telefono,pag_web,id_pais,id_asoc_nac) VALUES ('Tennants','contact@tennantsfinechemicals.co.uk',1538399100,'www.tennantsfinechemicals.co.uk',234,NULL);
INSERT INTO VAM_PROVEEDORES(nombre,email,telefono,pag_web,id_pais,id_asoc_nac) VALUES ('Mane','yaas.dumont@mane.com',34493097000,'www.mane.com/',237,21);
INSERT INTO VAM_PROVEEDORES(nombre,email,telefono,pag_web,id_pais,id_asoc_nac) VALUES ('Inoue Pergumery MFG','overseas-div@ino-p.com',81337299147,'www.ino-p.com/en',115,4);

--PA_PR
INSERT INTO VAM_PA_PR(id_productor,id_pais) VALUES (1,217);
INSERT INTO VAM_PA_PR(id_productor,id_pais) VALUES (1,237);
INSERT INTO VAM_PA_PR(id_productor,id_pais) VALUES (1,13);
INSERT INTO VAM_PA_PR(id_productor,id_pais) VALUES (1,14);
INSERT INTO VAM_PA_PR(id_productor,id_pais) VALUES (1,21);
INSERT INTO VAM_PA_PR(id_productor,id_pais) VALUES (1,31);
INSERT INTO VAM_PA_PR(id_productor,id_pais) VALUES (1,46);
INSERT INTO VAM_PA_PR(id_productor,id_pais) VALUES (1,51);
INSERT INTO VAM_PA_PR(id_productor,id_pais) VALUES (1,64);
INSERT INTO VAM_PA_PR(id_productor,id_pais) VALUES (1,80);
INSERT INTO VAM_PA_PR(id_productor,id_pais) VALUES (1,87);
INSERT INTO VAM_PA_PR(id_productor,id_pais) VALUES (1,106);
INSERT INTO VAM_PA_PR(id_productor,id_pais) VALUES (1,113);
INSERT INTO VAM_PA_PR(id_productor,id_pais) VALUES (1,115);
INSERT INTO VAM_PA_PR(id_productor,id_pais) VALUES (1,143);
INSERT INTO VAM_PA_PR(id_productor,id_pais) VALUES (1,160);
INSERT INTO VAM_PA_PR(id_productor,id_pais) VALUES (1,165);
INSERT INTO VAM_PA_PR(id_productor,id_pais) VALUES (1,173);
INSERT INTO VAM_PA_PR(id_productor,id_pais) VALUES (1,201);
INSERT INTO VAM_PA_PR(id_productor,id_pais) VALUES (1,207);
INSERT INTO VAM_PA_PR(id_productor,id_pais) VALUES (1,210);
INSERT INTO VAM_PA_PR(id_productor,id_pais) VALUES (1,220);
INSERT INTO VAM_PA_PR(id_productor,id_pais) VALUES (1,232);
INSERT INTO VAM_PA_PR(id_productor,id_pais) VALUES (1,234);
INSERT INTO VAM_PA_PR(id_productor,id_pais) VALUES (2,13);
INSERT INTO VAM_PA_PR(id_productor,id_pais) VALUES (2,46);
INSERT INTO VAM_PA_PR(id_productor,id_pais) VALUES (2,107);
INSERT INTO VAM_PA_PR(id_productor,id_pais) VALUES (2,115);
INSERT INTO VAM_PA_PR(id_productor,id_pais) VALUES (2,179);
INSERT INTO VAM_PA_PR(id_productor,id_pais) VALUES (2,173);
INSERT INTO VAM_PA_PR(id_productor,id_pais) VALUES (2,201);
INSERT INTO VAM_PA_PR(id_productor,id_pais) VALUES (2,220);
INSERT INTO VAM_PA_PR(id_productor,id_pais) VALUES (2,243);
INSERT INTO VAM_PA_PR(id_productor,id_pais) VALUES (2,10);
INSERT INTO VAM_PA_PR(id_productor,id_pais) VALUES (2,45);
INSERT INTO VAM_PA_PR(id_productor,id_pais) VALUES (2,31);
INSERT INTO VAM_PA_PR(id_productor,id_pais) VALUES (2,51);
INSERT INTO VAM_PA_PR(id_productor,id_pais) VALUES (2,143);
INSERT INTO VAM_PA_PR(id_productor,id_pais) VALUES (2,237);
INSERT INTO VAM_PA_PR(id_productor,id_pais) VALUES (2,41);
INSERT INTO VAM_PA_PR(id_productor,id_pais) VALUES (2,80);
INSERT INTO VAM_PA_PR(id_productor,id_pais) VALUES (2,81);
INSERT INTO VAM_PA_PR(id_productor,id_pais) VALUES (2,155);
INSERT INTO VAM_PA_PR(id_productor,id_pais) VALUES (2,183);
INSERT INTO VAM_PA_PR(id_productor,id_pais) VALUES (2,175);
INSERT INTO VAM_PA_PR(id_productor,id_pais) VALUES (2,227);
INSERT INTO VAM_PA_PR(id_productor,id_pais) VALUES (2,210);
INSERT INTO VAM_PA_PR(id_productor,id_pais) VALUES (2,234);
INSERT INTO VAM_PA_PR(id_productor,id_pais) VALUES (2,112);
INSERT INTO VAM_PA_PR(id_productor,id_pais) VALUES (2,207);
INSERT INTO VAM_PA_PR(id_productor,id_pais) VALUES (2,233);
INSERT INTO VAM_PA_PR(id_productor,id_pais) VALUES (2,95);
INSERT INTO VAM_PA_PR(id_productor,id_pais) VALUES (2,47);
INSERT INTO VAM_PA_PR(id_productor,id_pais) VALUES (2,232);
INSERT INTO VAM_PA_PR(id_productor,id_pais) VALUES (2,217);
INSERT INTO VAM_PA_PR(id_productor,id_pais) VALUES (3,237);
INSERT INTO VAM_PA_PR(id_productor,id_pais) VALUES (3,31);
INSERT INTO VAM_PA_PR(id_productor,id_pais) VALUES (3,179);
INSERT INTO VAM_PA_PR(id_productor,id_pais) VALUES (3,207);
INSERT INTO VAM_PA_PR(id_productor,id_pais) VALUES (3,234);
INSERT INTO VAM_PA_PR(id_productor,id_pais) VALUES (3,210);
INSERT INTO VAM_PA_PR(id_productor,id_pais) VALUES (3,113);
INSERT INTO VAM_PA_PR(id_productor,id_pais) VALUES (3,87);
INSERT INTO VAM_PA_PR(id_productor,id_pais) VALUES (3,21);
INSERT INTO VAM_PA_PR(id_productor,id_pais) VALUES (3,176);
INSERT INTO VAM_PA_PR(id_productor,id_pais) VALUES (3,51);
INSERT INTO VAM_PA_PR(id_productor,id_pais) VALUES (3,242);
INSERT INTO VAM_PA_PR(id_productor,id_pais) VALUES (3,143);
INSERT INTO VAM_PA_PR(id_productor,id_pais) VALUES (3,183);
INSERT INTO VAM_PA_PR(id_productor,id_pais) VALUES (3,46);
INSERT INTO VAM_PA_PR(id_productor,id_pais) VALUES (3,106);
INSERT INTO VAM_PA_PR(id_productor,id_pais) VALUES (3,13);
INSERT INTO VAM_PA_PR(id_productor,id_pais) VALUES (3,157);
INSERT INTO VAM_PA_PR(id_productor,id_pais) VALUES (3,112);
INSERT INTO VAM_PA_PR(id_productor,id_pais) VALUES (3,217);
INSERT INTO VAM_PA_PR(id_productor,id_pais) VALUES (3,14);
INSERT INTO VAM_PA_PR(id_productor,id_pais) VALUES (3,104);
INSERT INTO VAM_PA_PR(id_productor,id_pais) VALUES (3,64);
INSERT INTO VAM_PA_PR(id_productor,id_pais) VALUES (4,211);
INSERT INTO VAM_PA_PR(id_productor,id_pais) VALUES (4,220);
INSERT INTO VAM_PA_PR(id_productor,id_pais) VALUES (4,179);
INSERT INTO VAM_PA_PR(id_productor,id_pais) VALUES (4,243);
INSERT INTO VAM_PA_PR(id_productor,id_pais) VALUES (4,173);
INSERT INTO VAM_PA_PR(id_productor,id_pais) VALUES (4,115);
INSERT INTO VAM_PA_PR(id_productor,id_pais) VALUES (4,46);
INSERT INTO VAM_PA_PR(id_productor,id_pais) VALUES (4,107);
INSERT INTO VAM_PA_PR(id_productor,id_pais) VALUES (4,106);
INSERT INTO VAM_PA_PR(id_productor,id_pais) VALUES (4,41);
INSERT INTO VAM_PA_PR(id_productor,id_pais) VALUES (4,145);
INSERT INTO VAM_PA_PR(id_productor,id_pais) VALUES (4,176);
INSERT INTO VAM_PA_PR(id_productor,id_pais) VALUES (4,175);
INSERT INTO VAM_PA_PR(id_productor,id_pais) VALUES (4,232);
INSERT INTO VAM_PA_PR(id_productor,id_pais) VALUES (4,55);
INSERT INTO VAM_PA_PR(id_productor,id_pais) VALUES (4,125);
INSERT INTO VAM_PA_PR(id_productor,id_pais) VALUES (4,169);
INSERT INTO VAM_PA_PR(id_productor,id_pais) VALUES (4,112);
INSERT INTO VAM_PA_PR(id_productor,id_pais) VALUES (4,12);
INSERT INTO VAM_PA_PR(id_productor,id_pais) VALUES (4,196);
INSERT INTO VAM_PA_PR(id_productor,id_pais) VALUES (4,233);
INSERT INTO VAM_PA_PR(id_productor,id_pais) VALUES (4,68);
INSERT INTO VAM_PA_PR(id_productor,id_pais) VALUES (4,242);
INSERT INTO VAM_PA_PR(id_productor,id_pais) VALUES (4,53);
INSERT INTO VAM_PA_PR(id_productor,id_pais) VALUES (4,160);
INSERT INTO VAM_PA_PR(id_productor,id_pais) VALUES (4,31);
INSERT INTO VAM_PA_PR(id_productor,id_pais) VALUES (4,239);
INSERT INTO VAM_PA_PR(id_productor,id_pais) VALUES (4,45);
INSERT INTO VAM_PA_PR(id_productor,id_pais) VALUES (4,234);
INSERT INTO VAM_PA_PR(id_productor,id_pais) VALUES (4,113);
INSERT INTO VAM_PA_PR(id_productor,id_pais) VALUES (4,90);

--FORMA DE ENVIO
INSERT INTO VAM_FORMA_ENVIOS(id_prov,id_pais,tipo,cargo) VALUES (1,51,'m',10);
INSERT INTO VAM_FORMA_ENVIOS(id_prov,id_pais,tipo,cargo) VALUES (1,14,'a',20);
INSERT INTO VAM_FORMA_ENVIOS(id_prov,id_pais,tipo,cargo) VALUES (1,112,'t',15);
INSERT INTO VAM_FORMA_ENVIOS(id_prov,id_pais,tipo,cargo) VALUES (2,220,'m',12);
INSERT INTO VAM_FORMA_ENVIOS(id_prov,id_pais,tipo,cargo) VALUES (2,243,'t',20);
INSERT INTO VAM_FORMA_ENVIOS(id_prov,id_pais,tipo,cargo) VALUES (3,13,'m',25);
INSERT INTO VAM_FORMA_ENVIOS(id_prov,id_pais,tipo,cargo) VALUES (3,207,'a',13);
INSERT INTO VAM_FORMA_ENVIOS(id_prov,id_pais,tipo,cargo) VALUES (4,12,'m',23);
INSERT INTO VAM_FORMA_ENVIOS(id_prov,id_pais,tipo,cargo) VALUES (4,179,'a',18);
INSERT INTO VAM_FORMA_ENVIOS(id_prov,id_pais,tipo,cargo) VALUES (5,31,'m',15);
INSERT INTO VAM_FORMA_ENVIOS(id_prov,id_pais,tipo,cargo) VALUES (5,173,'a',8);
INSERT INTO VAM_FORMA_ENVIOS(id_prov,id_pais,tipo,cargo) VALUES (5,87,'t',16);

--FORMA DE PAGO
INSERT INTO VAM_FORMA_PAGOS(id_proveedor,tipo,porc_inicial,nro_cuotas,interes_mensual,nro_dia_entre_pago) VALUES (1,'cont',NULL,NULL,NULL,NULL);
INSERT INTO VAM_FORMA_PAGOS(id_proveedor,tipo,porc_inicial,nro_cuotas,interes_mensual,nro_dia_entre_pago) VALUES (1,'cred',50,6,5,30);
INSERT INTO VAM_FORMA_PAGOS(id_proveedor,tipo,porc_inicial,nro_cuotas,interes_mensual,nro_dia_entre_pago) VALUES (2,'cont',NULL,NULL,NULL,NULL);
INSERT INTO VAM_FORMA_PAGOS(id_proveedor,tipo,porc_inicial,nro_cuotas,interes_mensual,nro_dia_entre_pago) VALUES (2,'cred',35,10,7,15);
INSERT INTO VAM_FORMA_PAGOS(id_proveedor,tipo,porc_inicial,nro_cuotas,interes_mensual,nro_dia_entre_pago) VALUES (3,'cont',NULL,NULL,NULL,NULL);
INSERT INTO VAM_FORMA_PAGOS(id_proveedor,tipo,porc_inicial,nro_cuotas,interes_mensual,nro_dia_entre_pago) VALUES (3,'cred',20,12,10,15);
INSERT INTO VAM_FORMA_PAGOS(id_proveedor,tipo,porc_inicial,nro_cuotas,interes_mensual,nro_dia_entre_pago) VALUES (4,'cont',NULL,NULL,NULL,NULL);
INSERT INTO VAM_FORMA_PAGOS(id_proveedor,tipo,porc_inicial,nro_cuotas,interes_mensual,nro_dia_entre_pago) VALUES (4,'cred',40,5,2,20);
INSERT INTO VAM_FORMA_PAGOS(id_proveedor,tipo,porc_inicial,nro_cuotas,interes_mensual,nro_dia_entre_pago) VALUES (5,'cont',NULL,NULL,NULL,NULL);
INSERT INTO VAM_FORMA_PAGOS(id_proveedor,tipo,porc_inicial,nro_cuotas,interes_mensual,nro_dia_entre_pago) VALUES (5,'cred',60,12,8,20);


--HIST_IFRA ?FECHA FORMATO VERSION AMERICANA
INSERT INTO VAM_HISTORICO_IFRA(fecha_inicio,id_proveedor,id_productor,fecha_fin) VALUES ('1/1/2008',NULL,1,'25/08/2012');
INSERT INTO VAM_HISTORICO_IFRA(fecha_inicio,id_proveedor,id_productor,fecha_fin) VALUES ('15/5/2013',NULL,1,NULL);
INSERT INTO VAM_HISTORICO_IFRA(fecha_inicio,id_proveedor,id_productor,fecha_fin) VALUES ('1/2/2016',NULL,2,NULL);
INSERT INTO VAM_HISTORICO_IFRA(fecha_inicio,id_proveedor,id_productor,fecha_fin) VALUES ('20/6/2013',NULL,3,NULL);
INSERT INTO VAM_HISTORICO_IFRA(fecha_inicio,id_proveedor,id_productor,fecha_fin) VALUES ('1/8/2018',NULL,4,NULL);
INSERT INTO VAM_HISTORICO_IFRA(fecha_inicio,id_proveedor,id_productor,fecha_fin) VALUES ('5/11/2017',1,NULL,NULL);
INSERT INTO VAM_HISTORICO_IFRA(fecha_inicio,id_proveedor,id_productor,fecha_fin) VALUES ('1/12/2012',2,NULL,NULL);
INSERT INTO VAM_HISTORICO_IFRA(fecha_inicio,id_proveedor,id_productor,fecha_fin) VALUES ('15/9/2014',3,NULL,NULL);
INSERT INTO VAM_HISTORICO_IFRA(fecha_inicio,id_proveedor,id_productor,fecha_fin) VALUES ('26/4/2002',4,NULL,NULL);
INSERT INTO VAM_HISTORICO_IFRA(fecha_inicio,id_proveedor,id_productor,fecha_fin) VALUES ('08/07/2002',5,NULL,NULL);

--ING_ESENCIA
INSERT INTO VAM_INGREDIENTE_ESENCIAS(cas,id_proveedor,nombre,tipo,descripcion,taxonomia,punto_ebul,punto_inflam,proc_extrac,descrip_proceso) VALUES (8007805,1,'Cassia Oil','n','El aceite de casia se destila al vapor de las hojas de Cinnamomum Cassia, grandes árboles delgados que crecen en las partes del sudeste de China y Birmania y se conoce comúnmente como canela china','Cinnamomum cassia',194,199,'d','se aplica destilación a la temperatura indicada para alcanzar el punto de ebullición, así se obtienen las gotas');
INSERT INTO VAM_INGREDIENTE_ESENCIAS(cas,id_proveedor,nombre,tipo,descripcion,taxonomia,punto_ebul,punto_inflam,proc_extrac,descrip_proceso) VALUES (8015734,1,'Basil Oil Methyl Chavicol','n','El aceite de albahaca se destila del botánico Ocimum basilicum L. La planta generalmente se cultiva y cosecha por sus hojas, que son populares en todo el mundo en muchos platos de comida','Ocimum basilicum L',216,156,'d','se aplica destilación a la temperatura indicada para alcanzar el punto de ebullición, así se obtienen las gotas');
INSERT INTO VAM_INGREDIENTE_ESENCIAS(cas,id_proveedor,nombre,tipo,descripcion,taxonomia,punto_ebul,punto_inflam,proc_extrac,descrip_proceso) VALUES (8016635,1,'Clary Sage Oil','n','Obtenido de los tallos en flor de Salvia sclarea L. Clary Sage es una hierba bienal o perenne que crece hasta 40 cm de altura, mucho más pequeña que la misma especie que crece en Francia y Rusia','Salvia sclarea',187,NULL,'d','se aplica destilación a la temperatura indicada para alcanzar el punto de ebullición, así se obtienen las gotas');
INSERT INTO VAM_INGREDIENTE_ESENCIAS(cas,id_proveedor,nombre,tipo,descripcion,taxonomia,punto_ebul,punto_inflam,proc_extrac,descrip_proceso) VALUES (586629,2,'Terpinolene-40','q','Es un químico con  una fragancia dulce, fresca, cítrica de pino con un viejo matiz de cáscara de limón.','Mezcla de 1-metil-4-propan-2-ilideneciclohexeno y terpenos',184,61,NULL,NULL);
INSERT INTO VAM_INGREDIENTE_ESENCIAS(cas,id_proveedor,nombre,tipo,descripcion,taxonomia,punto_ebul,punto_inflam,proc_extrac,descrip_proceso) VALUES (4707475,2,'Prionyl','q','Es un químico en el que prevalecen los olores de musgo de roble, leñoso, fenólico y terroso','2,4-dihidroxi-3,6-dimetilbenzoato de metilo',NULL,100,NULL,NULL);
INSERT INTO VAM_INGREDIENTE_ESENCIAS(cas,id_proveedor,nombre,tipo,descripcion,taxonomia,punto_ebul,punto_inflam,proc_extrac,descrip_proceso) VALUES (106229,2,'Citronellol 85%','q','Es un químico que representa olores como floral, cítrico y una nota ligeramente cerosa','3,7-dimetil-6-octen-1-ol',166,98,NULL,NULL);
INSERT INTO VAM_INGREDIENTE_ESENCIAS(cas,id_proveedor,nombre,tipo,descripcion,taxonomia,punto_ebul,punto_inflam,proc_extrac,descrip_proceso) VALUES (78605966,3,'Aldehído Cinámico Amilo','q','Un líquido amarillo claro con un olor floral, ligeramente graso que recuerda al jazmín cuando se diluye. Una opción popular para crear notas de jazmín que requieren una cierta inflexión grasa','Alfa trans-n-amilcinamaldehído',NULL,NULL,NULL,NULL);
INSERT INTO VAM_INGREDIENTE_ESENCIAS(cas,id_proveedor,nombre,tipo,descripcion,taxonomia,punto_ebul,punto_inflam,proc_extrac,descrip_proceso) VALUES (140114,3,'Acetato de Benzilo','q','Como componente principal en los aceites de jazmín y gardenia, el acetato de bencilo ocupa una posición destacada en la industria de sabores y fragancias','Éster bencílico del ácido acético',NULL,NULL,NULL,NULL);
INSERT INTO VAM_INGREDIENTE_ESENCIAS(cas,id_proveedor,nombre,tipo,descripcion,taxonomia,punto_ebul,punto_inflam,proc_extrac,descrip_proceso) VALUES (142927,3,'Acetato de Hexilo','q','Un éster con un olor dulce, afrutado, a bayas y a pera. Uno de los ésteres de hexilo más populares, se usa en composiciones de sabor para una variedad de tonos de bayas y frutas','Éster hexil de ácido acético',338,56,NULL,NULL);
INSERT INTO VAM_INGREDIENTE_ESENCIAS(cas,id_proveedor,nombre,tipo,descripcion,taxonomia,punto_ebul,punto_inflam,proc_extrac,descrip_proceso) VALUES (110383,4,'Decanoato de etilo','q','También conocido como caprato de etilo, es un éster de ácido graso formado a partir de ácido cáprico y etanol','C12 H24O2',245,102,NULL,NULL);
INSERT INTO VAM_INGREDIENTE_ESENCIAS(cas,id_proveedor,nombre,tipo,descripcion,taxonomia,punto_ebul,punto_inflam,proc_extrac,descrip_proceso) VALUES (8015956,4,'Cinnamon','q','Aceite de esencia de hojas de safrol reducido','Cinamaldehído',249,160,NULL,NULL);
INSERT INTO VAM_INGREDIENTE_ESENCIAS(cas,id_proveedor,nombre,tipo,descripcion,taxonomia,punto_ebul,punto_inflam,proc_extrac,descrip_proceso) VALUES (8007010,4,'Aceite Rosa centifolia','n','también denominada rosa de Provenza o rosa repollo o rosa de mayo es un híbrido de rosa conseguido en el siglo XVII','Rosa X Centifolia',176,NULL,'d','método de extracción de aceites esenciales en el cual el material esta sumergido en agua en ebullición, la característica principal de este proceso es el contacto directo del agua y el material del cual se extraerá el aceite esencial.');
INSERT INTO VAM_INGREDIENTE_ESENCIAS(cas,id_proveedor,nombre,tipo,descripcion,taxonomia,punto_ebul,punto_inflam,proc_extrac,descrip_proceso) VALUES (656531,5,'Acetato de sulfurilo','q','Líquido con aromas de nuez, aroma de frijol, aroma de leche, aroma de carne. Se puede observar que posee un color amarillo claro traslúcido','Acetato de 4-metil-5-tiazoliletilo',259,80,NULL,NULL);
INSERT INTO VAM_INGREDIENTE_ESENCIAS(cas,id_proveedor,nombre,tipo,descripcion,taxonomia,punto_ebul,punto_inflam,proc_extrac,descrip_proceso) VALUES (29957435,5,'Hotrienol','q','Amaderado floral fresco','3,7-dimetil-1,5,7-octatrien-3-ol',228,89,NULL,NULL);
INSERT INTO VAM_INGREDIENTE_ESENCIAS(cas,id_proveedor,nombre,tipo,descripcion,taxonomia,punto_ebul,punto_inflam,proc_extrac,descrip_proceso) VALUES (134203,5,'Antranilato de metilo','q','Amina que se suele utilizar como ingrediente recto en la combinación con aldehídos y cetonas. Líquido fluido transparente/sólido. Color de incoloro a amarillo pálido','C8 H9 N O2',256,NULL,NULL,NULL);

--ING_PRESENTACION
INSERT INTO VAM_ING_PRESENTACIONES(cas_ingrediente,id_proveedor,volumen,precio) VALUES (8007805,1,50,23);
INSERT INTO VAM_ING_PRESENTACIONES(cas_ingrediente,id_proveedor,volumen,precio) VALUES (8007805,1,100,40);
INSERT INTO VAM_ING_PRESENTACIONES(cas_ingrediente,id_proveedor,volumen,precio) VALUES (8015734,1,1000,215);
INSERT INTO VAM_ING_PRESENTACIONES(cas_ingrediente,id_proveedor,volumen,precio) VALUES (8016635,1,10,10);
INSERT INTO VAM_ING_PRESENTACIONES(cas_ingrediente,id_proveedor,volumen,precio) VALUES (586629,2,5000,20);
INSERT INTO VAM_ING_PRESENTACIONES(cas_ingrediente,id_proveedor,volumen,precio) VALUES (586629,2,170000,600);
INSERT INTO VAM_ING_PRESENTACIONES(cas_ingrediente,id_proveedor,volumen,precio) VALUES (586629,2,900000,3000);
INSERT INTO VAM_ING_PRESENTACIONES(cas_ingrediente,id_proveedor,volumen,precio) VALUES (4707475,2,15000,53);
INSERT INTO VAM_ING_PRESENTACIONES(cas_ingrediente,id_proveedor,volumen,precio) VALUES (106229,2,180000,540);
INSERT INTO VAM_ING_PRESENTACIONES(cas_ingrediente,id_proveedor,volumen,precio) VALUES (106229,2,5000,17);
INSERT INTO VAM_ING_PRESENTACIONES(cas_ingrediente,id_proveedor,volumen,precio) VALUES (78605966,3,100,55);
INSERT INTO VAM_ING_PRESENTACIONES(cas_ingrediente,id_proveedor,volumen,precio) VALUES (140114,3,100,3);
INSERT INTO VAM_ING_PRESENTACIONES(cas_ingrediente,id_proveedor,volumen,precio) VALUES (140114,3,10000,2500);
INSERT INTO VAM_ING_PRESENTACIONES(cas_ingrediente,id_proveedor,volumen,precio) VALUES (142927,3,20,13);
INSERT INTO VAM_ING_PRESENTACIONES(cas_ingrediente,id_proveedor,volumen,precio) VALUES (110383,4,1,52);
INSERT INTO VAM_ING_PRESENTACIONES(cas_ingrediente,id_proveedor,volumen,precio) VALUES (110383,4,5,233);
INSERT INTO VAM_ING_PRESENTACIONES(cas_ingrediente,id_proveedor,volumen,precio) VALUES (8015956,4,1000,114);
INSERT INTO VAM_ING_PRESENTACIONES(cas_ingrediente,id_proveedor,volumen,precio) VALUES (8015956,4,5000,564);
INSERT INTO VAM_ING_PRESENTACIONES(cas_ingrediente,id_proveedor,volumen,precio) VALUES (8007010,4,1000,9);
INSERT INTO VAM_ING_PRESENTACIONES(cas_ingrediente,id_proveedor,volumen,precio) VALUES (8007010,4,5000,42);
INSERT INTO VAM_ING_PRESENTACIONES(cas_ingrediente,id_proveedor,volumen,precio) VALUES (8007010,4,25000,160);
INSERT INTO VAM_ING_PRESENTACIONES(cas_ingrediente,id_proveedor,volumen,precio) VALUES (656531,5,100,103);
INSERT INTO VAM_ING_PRESENTACIONES(cas_ingrediente,id_proveedor,volumen,precio) VALUES (656531,5,1000,357);
INSERT INTO VAM_ING_PRESENTACIONES(cas_ingrediente,id_proveedor,volumen,precio) VALUES (29957435,5,100,148);
INSERT INTO VAM_ING_PRESENTACIONES(cas_ingrediente,id_proveedor,volumen,precio) VALUES (134203,5,250,24);
INSERT INTO VAM_ING_PRESENTACIONES(cas_ingrediente,id_proveedor,volumen,precio) VALUES (134203,5,1000,79);

--CONTRATOS
INSERT INTO VAM_CONTRATOS(id_prov,id_prod,fecha_emision,exclusividad,clausula,fecha_cancelacion,motivo_cancel,quien_cancela) VALUES (1,1,'06/01/2019',TRUE,NULL,NULL,NULL,NULL);
INSERT INTO VAM_CONTRATOS(id_prov,id_prod,fecha_emision,exclusividad,clausula,fecha_cancelacion,motivo_cancel,quien_cancela) VALUES (2,2,'19/10/2020',FALSE,NULL,NULL,NULL,NULL);
INSERT INTO VAM_CONTRATOS(id_prov,id_prod,fecha_emision,exclusividad,clausula,fecha_cancelacion,motivo_cancel,quien_cancela) VALUES (3,1,'12/1/2019',FALSE,'Contrato formado por ambas partes de las empresas, en la que se acuerda vender sin exclusividad',NULL,NULL,NULL);
INSERT INTO VAM_CONTRATOS(id_prov,id_prod,fecha_emision,exclusividad,clausula,fecha_cancelacion,motivo_cancel,quien_cancela) VALUES (3,3,'09/02/2020',TRUE,NULL,NULL,NULL,NULL);
INSERT INTO VAM_CONTRATOS(id_prov,id_prod,fecha_emision,exclusividad,clausula,fecha_cancelacion,motivo_cancel,quien_cancela) VALUES (4,1,'01/02/2020',FALSE,'Contrato acordado entre las empresas Firmenich y Mane, con fines comerciales de distribución de esencias','18/05/2020','Desacuerdo en la forma de envío, pues llegaban con retraso los pedidos','prod');

--MP_C
INSERT INTO VAM_MP_C(id_contrato,id_cont_prov,id_cont_prod,cas,id_prov_ing) VALUES (1,1,1,8007805,1);
INSERT INTO VAM_MP_C(id_contrato,id_cont_prov,id_cont_prod,cas,id_prov_ing) VALUES (1,1,1,8016635,1);
INSERT INTO VAM_MP_C(id_contrato,id_cont_prov,id_cont_prod,cas,id_prov_ing) VALUES (2,2,2,586629,2);
INSERT INTO VAM_MP_C(id_contrato,id_cont_prov,id_cont_prod,cas,id_prov_ing) VALUES (2,2,2,4707475,2);
INSERT INTO VAM_MP_C(id_contrato,id_cont_prov,id_cont_prod,cas,id_prov_ing) VALUES (3,3,1,78605966,3);
INSERT INTO VAM_MP_C(id_contrato,id_cont_prov,id_cont_prod,cas,id_prov_ing) VALUES (3,3,1,140114,3);
INSERT INTO VAM_MP_C(id_contrato,id_cont_prov,id_cont_prod,cas,id_prov_ing) VALUES (4,3,3,142927,3);
INSERT INTO VAM_MP_C(id_contrato,id_cont_prov,id_cont_prod,cas,id_prov_ing) VALUES (5,4,1,29957435,5);

--FE_FP_C
INSERT INTO VAM_FE_FP_C(id_contrato,id_prov_cont,id_prod_cont,id_form_pago,id_prov_fp,id_form_envio,id_prov_fe,id_form_envio_pais) VALUES (1,1,1,1,1,NULL,NULL,NULL);
INSERT INTO VAM_FE_FP_C(id_contrato,id_prov_cont,id_prod_cont,id_form_pago,id_prov_fp,id_form_envio,id_prov_fe,id_form_envio_pais) VALUES (1,1,1,NULL,NULL,1,1,51);
INSERT INTO VAM_FE_FP_C(id_contrato,id_prov_cont,id_prod_cont,id_form_pago,id_prov_fp,id_form_envio,id_prov_fe,id_form_envio_pais) VALUES (2,2,2,3,2,NULL,NULL,NULL);
INSERT INTO VAM_FE_FP_C(id_contrato,id_prov_cont,id_prod_cont,id_form_pago,id_prov_fp,id_form_envio,id_prov_fe,id_form_envio_pais) VALUES (2,2,2,4,2,NULL,NULL,NULL);
INSERT INTO VAM_FE_FP_C(id_contrato,id_prov_cont,id_prod_cont,id_form_pago,id_prov_fp,id_form_envio,id_prov_fe,id_form_envio_pais) VALUES (2,2,2,NULL,NULL,4,2,220);
INSERT INTO VAM_FE_FP_C(id_contrato,id_prov_cont,id_prod_cont,id_form_pago,id_prov_fp,id_form_envio,id_prov_fe,id_form_envio_pais) VALUES (3,3,1,6,3,NULL,NULL,NULL);
INSERT INTO VAM_FE_FP_C(id_contrato,id_prov_cont,id_prod_cont,id_form_pago,id_prov_fp,id_form_envio,id_prov_fe,id_form_envio_pais) VALUES (3,3,1,NULL,NULL,6,3,13);
INSERT INTO VAM_FE_FP_C(id_contrato,id_prov_cont,id_prod_cont,id_form_pago,id_prov_fp,id_form_envio,id_prov_fe,id_form_envio_pais) VALUES (4,3,3,5,3,NULL,NULL,NULL);
INSERT INTO VAM_FE_FP_C(id_contrato,id_prov_cont,id_prod_cont,id_form_pago,id_prov_fp,id_form_envio,id_prov_fe,id_form_envio_pais) VALUES (4,3,3,NULL,NULL,7,3,207);
INSERT INTO VAM_FE_FP_C(id_contrato,id_prov_cont,id_prod_cont,id_form_pago,id_prov_fp,id_form_envio,id_prov_fe,id_form_envio_pais) VALUES (5,4,1,7,4,NULL,NULL,NULL);
INSERT INTO VAM_FE_FP_C(id_contrato,id_prov_cont,id_prod_cont,id_form_pago,id_prov_fp,id_form_envio,id_prov_fe,id_form_envio_pais) VALUES (5,4,1,NULL,NULL,8,4,12);

--RENOVACIONES
INSERT INTO VAM_RENOVACIONES(id_contrato,id_cont_prov,id_cont_prod,fecha) VALUES (3,3,1,'15/12/2019');

--ING_ORIGEN
INSERT INTO VAM_ING_ORIGEN(id_ing_esenc,id_ing_esenc_prov,id_pais) VALUES (8007805,1,46);
INSERT INTO VAM_ING_ORIGEN(id_ing_esenc,id_ing_esenc_prov,id_pais) VALUES (8015734,1,243);
INSERT INTO VAM_ING_ORIGEN(id_ing_esenc,id_ing_esenc_prov,id_pais) VALUES (8016635,1,46);

--ING_OTRO
INSERT INTO VAM_ING_OTROS(id_ing,id_prov,id_otro) VALUES (8007805,1,1);
INSERT INTO VAM_ING_OTROS(id_ing,id_prov,id_otro) VALUES (8007805,1,4);
INSERT INTO VAM_ING_OTROS(id_ing,id_prov,id_otro) VALUES (8007805,1,6);
INSERT INTO VAM_ING_OTROS(id_ing,id_prov,id_otro) VALUES (8007805,1,9);
INSERT INTO VAM_ING_OTROS(id_ing,id_prov,id_otro) VALUES (8007805,1,13);
INSERT INTO VAM_ING_OTROS(id_ing,id_prov,id_otro) VALUES (8007805,1,17);
INSERT INTO VAM_ING_OTROS(id_ing,id_prov,id_otro) VALUES (8007805,1,19);
INSERT INTO VAM_ING_OTROS(id_ing,id_prov,id_otro) VALUES (8015734,1,7);
INSERT INTO VAM_ING_OTROS(id_ing,id_prov,id_otro) VALUES (8015734,1,10);
INSERT INTO VAM_ING_OTROS(id_ing,id_prov,id_otro) VALUES (8015734,1,11);
INSERT INTO VAM_ING_OTROS(id_ing,id_prov,id_otro) VALUES (8015734,1,16);
INSERT INTO VAM_ING_OTROS(id_ing,id_prov,id_otro) VALUES (8015734,1,17);
INSERT INTO VAM_ING_OTROS(id_ing,id_prov,id_otro) VALUES (8015734,1,18);
INSERT INTO VAM_ING_OTROS(id_ing,id_prov,id_otro) VALUES (8016635,1,2);
INSERT INTO VAM_ING_OTROS(id_ing,id_prov,id_otro) VALUES (8016635,1,5);
INSERT INTO VAM_ING_OTROS(id_ing,id_prov,id_otro) VALUES (8016635,1,8);
INSERT INTO VAM_ING_OTROS(id_ing,id_prov,id_otro) VALUES (8016635,1,15);
INSERT INTO VAM_ING_OTROS(id_ing,id_prov,id_otro) VALUES (8016635,1,17);
INSERT INTO VAM_ING_OTROS(id_ing,id_prov,id_otro) VALUES (8016635,1,20);
INSERT INTO VAM_ING_OTROS(id_ing,id_prov,id_otro) VALUES (8007010,4,3);
INSERT INTO VAM_ING_OTROS(id_ing,id_prov,id_otro) VALUES (8007010,4,12);
INSERT INTO VAM_ING_OTROS(id_ing,id_prov,id_otro) VALUES (8007010,4,14);
INSERT INTO VAM_ING_OTROS(id_ing,id_prov,id_otro) VALUES (8007010,4,15);



--FLIA_IE
INSERT INTO VAM_FLIA_IE(id_flia_olfat,id_ing_esencia,id_ing_prov) VALUES (8,8007805,1);
INSERT INTO VAM_FLIA_IE(id_flia_olfat,id_ing_esencia,id_ing_prov) VALUES (5,8015734,1);
INSERT INTO VAM_FLIA_IE(id_flia_olfat,id_ing_esencia,id_ing_prov) VALUES (1,8016635,1);
INSERT INTO VAM_FLIA_IE(id_flia_olfat,id_ing_esencia,id_ing_prov) VALUES (2,586629,2);
INSERT INTO VAM_FLIA_IE(id_flia_olfat,id_ing_esencia,id_ing_prov) VALUES (8,4707475,2);
INSERT INTO VAM_FLIA_IE(id_flia_olfat,id_ing_esencia,id_ing_prov) VALUES (6,4707475,2);
INSERT INTO VAM_FLIA_IE(id_flia_olfat,id_ing_esencia,id_ing_prov) VALUES (2,106229,2);
INSERT INTO VAM_FLIA_IE(id_flia_olfat,id_ing_esencia,id_ing_prov) VALUES (3,106229,2);
INSERT INTO VAM_FLIA_IE(id_flia_olfat,id_ing_esencia,id_ing_prov) VALUES (3,78605966,3);
INSERT INTO VAM_FLIA_IE(id_flia_olfat,id_ing_esencia,id_ing_prov) VALUES (3,140114,3);
INSERT INTO VAM_FLIA_IE(id_flia_olfat,id_ing_esencia,id_ing_prov) VALUES (4,142927,3);
INSERT INTO VAM_FLIA_IE(id_flia_olfat,id_ing_esencia,id_ing_prov) VALUES (3,110383,4);
INSERT INTO VAM_FLIA_IE(id_flia_olfat,id_ing_esencia,id_ing_prov) VALUES (1,110383,4);
INSERT INTO VAM_FLIA_IE(id_flia_olfat,id_ing_esencia,id_ing_prov) VALUES (8,8015956,4);
INSERT INTO VAM_FLIA_IE(id_flia_olfat,id_ing_esencia,id_ing_prov) VALUES (3,8007010,4);
INSERT INTO VAM_FLIA_IE(id_flia_olfat,id_ing_esencia,id_ing_prov) VALUES (3,29957435,5);
